gvkey,tic,conm,gsector,ggroup,gind,gsubind,datadate,fyear,prcc_f,ceq,csho,mktcap,pb_ratio
252819,WF,WOORI FINANCIAL GROUP INC,40,4010,401010,40101010,2024-12-31,2024,31.25,23080.83,246.503,7703.21875,0.33374964201893953
061067,CIB,GRUPO CIBEST SA,40,4010,401010,40101010,2024-12-31,2024,31.51,9874.125,113.031,3561.60681,0.3607010048991683
025714,SHG,SHINHAN FINANCIAL GROUP LTD,40,4010,401010,40101010,2024-12-31,2024,32.88,37943.909,498.86,16402.5168,0.4322832631714355
016432,LRCDF,LAURENTIAN BANK OF CANADA,40,4010,401010,40101010,2025-10-31,2025,33.3,2759.749,44.584,1484.6472,0.5379645757639554
030501,KB,KB FINANCIAL GROUP,40,4010,401010,40101010,2024-12-31,2024,56.9,39186.19,373.601,21257.8969,0.5424844033063689
241388,AVAL,GRUPO AVAL ACCIONES VALORES,40,4010,401010,40101010,2024-12-31,2024,2.03,3957.422,1187.174,2409.96322,0.6089730182932221
066235,HOPE,HOPE BANCORP INC,40,4010,401010,40101015,2025-12-31,2025,10.96,2283.268,128.202,1405.09392,0.6153872081595327
063232,OCFC,OCEANFIRST FINANCIAL CORP,40,4010,401010,40101015,2025-12-31,2025,17.95,1662.55,57.391,1030.16845,0.6196315599530842
063590,BKRIY,BANK OF IRELAND GROUP PLC,40,4010,401010,40101010,2024-12-31,2024,9.119,13465.276,1002.662,9143.274778,0.6790261690885504
029282,FLG,FLAGSTAR BANK NA,40,4010,401010,40101015,2025-12-31,2025,12.59,7640.0,415.982,5237.21338,0.6854991335078534
015532,BNPQY,BNP PARIBAS,40,4010,401010,40101010,2025-12-31,2025,47.442,147368.008,2199.57,104351.99994,0.708104841452427
018094,FMBL,FARMERS & MERCHANTS BANK/CA,40,4010,401010,40101015,2025-12-31,2025,8348.98,1415.403,0.1218,1016.905764,0.7184566967852972
015784,SCGLY,SOCIETE GENERALE GROUP,40,4010,401010,40101010,2025-12-31,2025,16.142,82357.856,3788.616,61155.839472,0.7425623060415755
285313,BSBR,BANCO SANTANDER BRASIL  -ADR,40,4010,401010,40101010,2024-12-31,2024,3.91,19319.597,3729.814,14583.57274,0.7548590552898179
019355,SFNC,SIMMONS FIRST NATL CP  -CL A,40,4010,401010,40101015,2025-12-31,2025,18.85,3419.24,144.763,2728.78255,0.7980669827213065
064979,PPBI,PACIFIC PREMIER BANCORP INC,40,4010,401010,40101015,2024-12-31,2024,24.92,2955.743,96.442,2403.33464,0.8131067687549289
017151,WSBC,WESBANCO INC,40,4010,401010,40101015,2025-12-31,2025,33.24,3807.726,96.068,3193.30032,0.8386371078171065
012673,BCS,BARCLAYS PLC,40,4010,401010,40101010,2025-12-31,2025,25.45,104689.487,3466.75,88228.7875,0.8427664518023668
018329,BUSE,FIRST BUSEY CORP,40,4010,401010,40101015,2025-12-31,2025,23.79,2468.982,87.624,2084.57496,0.8443054505865171
115876,PB,PROSPERITY BANCSHARES INC,40,4010,401010,40101015,2025-12-31,2025,69.11,7616.14,93.058,6431.23838,0.8444222900314332
025173,RNST,RENASANT CORP,40,4010,401010,40101015,2025-12-31,2025,35.22,3884.905,94.636,3333.07992,0.8579566089775683
017145,WAFD,WAFD INC,40,4010,401010,40101015,2025-09-30,2025,30.29,2739.575,78.187,2368.28423,0.8644713979358112
105670,BRKL,BROOKLINE BANCORP INC,40,4010,401010,40101015,2024-12-31,2024,11.8,1221.939,89.979,1061.7522,0.8689076950649746
011861,VLY,VALLEY NATIONAL BANCORP,40,4010,401010,40101015,2025-12-31,2025,11.68,7453.353,556.618,6501.29824,0.8722649041310669
016845,FRME,FIRST MERCHANTS CORP,40,4010,401010,40101015,2025-12-31,2025,37.48,2441.542,56.952,2134.56096,0.8742675571421668
065106,OZK,BANK OZK,40,4010,401010,40101015,2025-12-31,2025,46.02,5790.871,110.383,5079.82566,0.8772127129062277
017106,PEBO,PEOPLES BANCORP INC/OH,40,4010,401010,40101015,2025-12-31,2025,30.03,1206.602,35.622,1069.72866,0.886562976026892
074571,BBT,BEACON FINANCIAL CORP,40,4010,401010,40101015,2025-12-31,2025,26.37,2496.061,84.031,2215.89747,0.887757739093716
015617,ING,ING GROEP NV,40,4010,401010,40101010,2024-12-31,2024,15.67,54564.0,3096.274,48518.61358,0.8892055857341837
017195,FFBC,FIRST FINL BANCORP INC/OH,40,4010,401010,40101015,2025-12-31,2025,25.02,2769.216,98.522,2465.02044,0.8901510174720931
011842,ASB,ASSOCIATED BANC-CORP,40,4010,401010,40101015,2025-12-31,2025,25.76,4781.235,165.98,4275.6448,0.8942553126964058
017724,CNOB,CONNECTONE BANCORP INC,40,4010,401010,40101015,2025-12-31,2025,26.22,1462.413,50.272,1318.13184,0.9013403464000935
018049,FNB,F N B CORP/FL,40,4010,401010,40101015,2025-12-31,2025,17.1,6759.0,357.303,6109.8813,0.9039623169107857
041459,FSUN,FIRSTSUN CAP BANCORP,40,4010,401010,40101015,2025-12-31,2025,37.635,1153.356,27.887,1049.527245,0.9099768371604258
150279,PFS,PROVIDENT FINANCIAL SVCS INC,40,4010,401010,40101015,2025-12-31,2025,19.75,2833.212,130.62,2579.745,0.9105372277118691
021633,VBTX,VERITEX HOLDINGS INC,40,4010,401010,40101015,2024-12-31,2024,27.16,1601.069,54.517,1480.68172,0.9248081875297067
030932,NWBI,NORTHWEST BANCSHARES INC,40,4010,401010,40101015,2025-12-31,2025,12.0,1890.424,146.108,1753.296,0.9274617757709381
156953,HTH,HILLTOP HOLDINGS INC,40,4010,401010,40101015,2025-12-31,2025,33.94,2168.401,59.54,2020.7876,0.9319252296969057
033459,OBK,ORIGIN BANCORP,40,4010,401010,40101015,2025-12-31,2025,37.61,1246.685,30.952,1164.10472,0.9337601078059012
026270,STEL,STELLAR BANCORP INC,40,4010,401010,40101015,2025-12-31,2025,30.94,1668.654,50.902,1574.90788,0.9438193178454012
154511,CBC,CENTRAL BANCOMPANY,40,4010,401010,40101015,2024-12-31,2024,674.0,3110.661,4.408,2970.992,0.9550998967743511
015552,DNKEY,DANSKE BANK AS,40,4010,401010,40101010,2024-12-31,2024,14.143,24388.743,1667.635,23585.361805,0.9670593439358478
063135,DCOM,DIME COMMUNITY BANCSHARES,40,4010,401010,40101015,2025-12-31,2025,30.09,1359.2,43.862,1319.80758,0.9710179370217775
062654,SASR,SANDY SPRING BANCORP INC,40,4010,401010,40101015,2024-12-31,2024,33.71,1558.011,45.14,1521.6694,0.9766743623761321
017248,UBSI,UNITED BANKSHARES INC/WV,40,4010,401010,40101015,2025-12-31,2025,38.4,5495.983,139.88,5371.392,0.9773305339554362
016305,AGRPY,ABSA GROUP LTD,40,4010,401010,40101010,2024-12-31,2024,20.111,8482.813,414.729,8340.614919,0.9832369190503197
136265,BANC,BANC OF CALIFORNIA INC,40,4010,401010,40101015,2025-12-31,2025,19.29,3042.761,155.533,3000.23157,0.9860227503901884
019713,AUB,ATLANTIC UNION BANKSHRS CRP,40,4010,401010,40101015,2025-12-31,2025,35.3,5006.225,141.777,5004.7281,0.9997009922646305
036633,EBC,EASTERN BANKSHARES INC,40,4010,401010,40101015,2025-12-31,2025,18.43,4340.6,235.6,4342.108,1.0003474174077316
019570,STBA,S & T BANCORP INC,40,4010,401010,40101015,2025-12-31,2025,39.35,1463.877,37.403,1471.80805,1.00541783906708
016889,INDB,INDEPENDENT BANK CORP/MA,40,4010,401010,40101015,2025-12-31,2025,73.08,3565.728,49.244,3598.75152,1.0092613682255067
117141,EFSC,ENTERPRISE FINL SERVICES CP,40,4010,401010,40101015,2025-12-31,2025,54.0,1967.398,36.965,1996.11,1.0145938950837603
184167,FIBK,FIRST INTERSTATE BANCSYSTEM,40,4010,401010,40101015,2025-12-31,2025,34.6,3447.0,101.106,3498.2676,1.0148731070496084
010137,SMFG,SUMITOMO MITSUI FINANCIAL GR,40,4010,401010,40101010,2025-03-31,2024,15.46,98192.462,6456.323,99814.75358,1.0165215490777693
064547,SSB,SOUTH STATE BANK CORP,40,4010,401010,40101015,2025-12-31,2025,94.11,9059.108,99.138,9329.87718,1.0298891656882776
011856,TFC,TRUIST FINANCIAL CORP,40,4010,401010,40101015,2025-12-31,2025,49.21,60273.0,1262.47,62126.1487,1.0307459177409455
064794,UCB,UNITED COMMUNITY BANKS INC,40,4010,401010,40101015,2025-12-31,2025,31.22,3638.686,120.598,3765.06956,1.034733296580139
021825,CFG,CITIZENS FINANCIAL GROUP INC,40,4010,401010,40101015,2025-12-31,2025,58.41,24206.0,429.242,25072.02522,1.035777295711807
190963,NBHC,NATIONAL BANK HLDGS CORP,40,4010,401010,40101015,2025-12-31,2025,38.01,1385.114,37.773,1435.75173,1.0365585287564778
031585,BY,BYLINE BANCORP INC,40,4010,401010,40101015,2025-12-31,2025,29.15,1267.906,45.546,1327.6659,1.0471327527435
264485,EQGPF,EQB INC,40,4010,401010,40101015,2025-10-31,2025,89.47,3203.565,37.587,3362.90889,1.0497395526546207
017095,ONB,OLD NATIONAL BANCORP,40,4010,401010,40101015,2025-12-31,2025,22.31,8264.288,389.662,8693.35922,1.0519187158046768
065228,COLB,COLUMBIA BANKING SYSTEM INC,40,4010,401010,40101015,2025-12-31,2025,27.95,7840.0,295.422,8257.0449,1.0531945025510203
016348,ISNPY,INTESA SANPAOLO SPA,40,4010,401010,40101010,2024-12-31,2024,24.001,67477.534,2963.007,71115.131007,1.0539082682986014
014172,FULT,FULTON FINANCIAL CORP,40,4010,401010,40101015,2025-12-31,2025,19.33,3297.569,179.895,3477.37035,1.0545254246385747
003243,C,CITIGROUP INC,40,4010,401010,40101010,2025-12-31,2025,116.69,192241.0,1747.547,203921.25943,1.0607584200560753
017132,WSFS,WSFS FINANCIAL CORP,40,4010,401010,40101015,2025-12-31,2025,55.24,2738.545,53.41,2950.3684,1.0773488841702437
185824,BKU,BANKUNITED INC,40,4010,401010,40101015,2025-12-31,2025,44.57,3053.829,74.138,3304.33066,1.0820287121512042
004685,TRMK,TRUSTMARK CORP,40,4010,401010,40101015,2025-12-31,2025,38.95,2121.677,59.012,2298.5174,1.0833493505373344
152049,FBMS,FIRST BANCSHARES INC/MS,40,4010,401010,40101015,2024-12-31,2024,35.0,1005.431,31.16,1090.6,1.0847089457158174
139025,PNFP,PINNACLE FINL PARTNERS INC,40,4010,401010,40101015,2025-12-31,2025,95.41,6826.589,77.662,7409.73142,1.0854222247743346
120318,TOWN,TOWNEBANK,40,4010,401010,40101015,2025-12-31,2025,33.37,2422.067,78.964,2635.02868,1.0879255941309633
061487,BANR,BANNER CORP,40,4010,401010,40101015,2025-12-31,2025,62.66,1946.297,34.098,2136.58068,1.0977670314448411
020019,CVBF,CVB FINANCIAL CORP,40,4010,401010,40101015,2025-12-31,2025,18.6,2295.224,135.552,2521.2672,1.0984841566661903
017150,WBS,WEBSTER FINANCIAL CORP,40,4010,401010,40101015,2025-12-31,2025,62.94,9208.257,161.216,10146.93504,1.1019387317274052
017240,TMP,TOMPKINS FINANCIAL CORP,40,4010,401010,40101015,2025-12-31,2025,72.52,938.377,14.345,1040.2994,1.1086156203743271
023500,CATY,CATHAY GENERAL BANCORP,40,4010,401010,40101015,2025-12-31,2025,48.39,2925.388,67.2,3251.808,1.1115817799211591
018241,FCF,FIRST COMMONWLTH FINL CP/PA,40,4010,401010,40101015,2025-12-31,2025,16.86,1554.376,102.841,1733.89926,1.1154953885031678
027665,FHB,FIRST HAWAIIAN INC,40,4010,401010,40101015,2025-12-31,2025,25.3,2769.365,122.689,3104.0317,1.120846006214421
137351,BHLB,BERKSHIRE HILLS BANCORP INC,40,4010,401010,40101015,2024-12-31,2024,28.43,1167.424,46.424,1319.83432,1.1305526698097692
018948,MCHB,MECHANICS BANCORP,40,4010,401010,40101015,2025-12-31,2025,14.63,2862.375,221.305,3237.69215,1.1311208873749945
017184,SBCF,SEACOAST BANKING CORP/FL,40,4010,401010,40101015,2025-12-31,2025,31.42,2712.662,97.928,3076.89776,1.134272445295433
019094,NBTB,N B T BANCORP INC,40,4010,401010,40101015,2025-12-31,2025,41.52,1896.216,52.203,2167.46856,1.1430493994355073
019150,OSBC,OLD SECOND BANCORP INC/IL,40,4010,401010,40101015,2025-12-31,2025,19.5,896.768,52.669,1027.0455,1.145274474557522
285333,IFS,INTERCORP FINANCIAL SVCS INC,40,4010,401010,40101010,2024-12-31,2024,29.34,2893.977,113.288,3323.86992,1.1485474556293986
028155,TCBK,TRICO BANCSHARES,40,4010,401010,40101015,2025-12-31,2025,47.37,1328.001,32.335,1531.70895,1.1533944251548003
004699,MTB,M&T BANK CORP,40,4010,401010,40101015,2025-12-31,2025,201.48,26343.0,151.832,30591.11136,1.1612614873021296
024232,HWC,HANCOCK WHITNEY CORP,40,4010,401010,40101015,2025-12-31,2025,63.68,4460.117,82.259,5238.25312,1.174465405279727
010916,UMBF,UMB FINANCIAL CORP,40,4010,401010,40101015,2025-12-31,2025,115.04,7399.502,75.961,8738.55344,1.180965075757801
170396,CUBI,CUSTOMERS BANCORP INC,40,4010,401010,40101015,2025-12-31,2025,73.12,2115.517,34.191,2500.04592,1.181765932393831
015199,SRCE,1ST SOURCE CORP,40,4010,401010,40101015,2025-12-31,2025,62.49,1274.971,24.369,1522.81881,1.1943948607458523
019262,CTBI,COMMUNITY TRUST BANCORP INC,40,4010,401010,40101015,2025-12-31,2025,56.5,856.072,18.116,1023.554,1.1956400863478773
150306,TCBI,TEXAS CAPITAL BANCSHARES INC,40,4010,401010,40101015,2025-12-31,2025,90.54,3331.382,44.254,4006.75716,1.202731226860204
024447,BOKF,BOK FINANCIAL CORP,40,4010,401010,40101015,2025-12-31,2025,118.46,5918.646,60.621,7181.16366,1.2133119061352884
011687,ZION,ZIONS BANCORPORATION NA,40,4010,401010,40101015,2025-12-31,2025,58.54,7114.0,147.653,8643.60662,1.2150135816699466
015929,LYG,LLOYDS BANKING GROUP PLC,40,4010,401010,40101010,2025-12-31,2025,5.3,64156.361,14721.436,78023.6108,1.2161476989008153
030222,ABCB,AMERIS BANCORP,40,4010,401010,40101015,2025-12-31,2025,74.27,4076.028,68.022,5051.99394,1.239440440546532
004690,FCNCA,FIRST CITIZENS BANCSH  -CL A,40,4010,401010,40101010,2025-12-31,2025,2146.18,20863.0,12.139,26052.47902,1.2487407860806212
028967,QCRH,QCR HOLDINGS INC,40,4010,401010,40101015,2025-12-31,2025,83.3,1112.311,16.691,1390.3603,1.2499744226210117
163920,WAL,WESTERN ALLIANCE BANCORP,40,4010,401010,40101015,2025-12-31,2025,84.07,7358.0,109.509,9206.42163,1.2512125074748572
015634,NWG,NATWEST GROUP PLC,40,4010,401010,40101010,2025-12-31,2025,17.5,57333.994,4113.521,71986.6175,1.2555660695816866
005786,HBAN,HUNTINGTON BANCSHARES,40,4010,401010,40101015,2025-12-31,2025,17.35,21611.0,1567.733,27200.16755,1.2586260492341863
014253,WABC,WESTAMERICA BANCORPORATION,40,4010,401010,40101015,2025-12-31,2025,47.83,933.509,24.623,1177.71809,1.2616033589392281
028278,GABC,GERMAN AMERICAN BANCORP INC,40,4010,401010,40101015,2025-12-31,2025,39.18,1162.325,37.496,1469.09328,1.2639264233325447
164633,HOMB,HOME BANCSHARES INC,40,4010,401010,40101015,2025-12-31,2025,27.78,4296.871,196.357,5454.79746,1.269481317917154
022086,IBOC,INTL BANCSHARES CORP,40,4010,401010,40101015,2025-12-31,2025,66.44,3251.638,62.169,4130.50836,1.2702854253763796
009783,KEY,KEYCORP,40,4010,401010,40101010,2025-12-31,2025,20.64,17881.0,1102.401,22753.55664,1.2724991130249985
016777,FBNC,FIRST BANCORP/NC,40,4010,401010,40101015,2025-12-31,2025,50.79,1654.168,41.466,2106.05814,1.2731827359736132
016981,OFG,OFG BANCORP,40,4010,401010,40101015,2025-12-31,2025,40.98,1390.005,43.257,1772.67186,1.2752989089967302
252940,MUFG,MITSUBISHI UFJ FINANCIAL GRP,40,4010,401010,40101010,2025-03-31,2024,13.63,122107.733,11506.47,156833.1861,1.284383734320905
015679,UOVEY,UNITED OVERSEAS BANK LTD,40,4010,401010,40101010,2024-12-31,2024,53.262,34426.151,835.763,44514.408906,1.293040540779595
015582,BNS,BANK OF NOVA SCOTIA,40,4010,401010,40101010,2025-10-31,2025,91.99,86866.0,1236.306,113727.78894,1.3092324838256626
002002,BPOP,POPULAR INC,40,4010,401010,40101015,2025-12-31,2025,124.52,6226.936,65.719,8183.32988,1.3141824293681514
014219,CADE,CADENCE BANK,40,4010,401010,40101015,2025-12-31,2025,42.84,6076.668,186.622,7994.88648,1.3156694556951276
019860,WTBFA,W T B FINANCIAL CORP,40,4010,401010,40101015,2024-12-31,2024,494.96,934.181,2.503,1238.88488,1.3261722085976915
004674,RF,REGIONS FINANCIAL CORP,40,4010,401010,40101015,2025-12-31,2025,27.1,17674.0,867.013,23496.0523,1.3294133925540341
061693,HTLF,HEARTLAND FINANCIAL USA INC,40,4010,401010,40101015,2024-12-31,2024,61.305,1967.09,42.901,2630.045805,1.3370236262702775
020285,CBWBF,CANADIAN WESTERN BANK,40,4010,401010,40101015,2024-10-31,2024,57.25,4109.441,96.743,5538.53675,1.3477591599441383
016832,GBCI,GLACIER BANCORP INC,40,4010,401010,40101015,2025-12-31,2025,44.05,4213.821,129.972,5725.2666,1.3586876613885592
004737,FHN,FIRST HORIZON CORP,40,4010,401010,40101015,2025-12-31,2025,23.9,8498.0,484.825,11587.3175,1.3635346552129912
112721,RBCAA,REPUBLIC BANCORP INC/KY,40,4010,401010,40101015,2024-12-31,2024,69.87,992.029,19.448,1358.83176,1.3697500375493055
063781,WTFC,WINTRUST FINANCIAL CORP,40,4010,401010,40101015,2025-12-31,2025,139.82,6833.715,66.975,9364.4445,1.3703299742526576
020299,LOB,LIVE OAK BANCSHARES INC,40,4010,401010,40101015,2025-12-31,2025,34.35,1153.602,46.032,1581.1992,1.3706626722214421
033056,CLBK,COLUMBIA FINANCIAL INC,40,4010,401010,40101015,2025-12-31,2025,15.54,1160.728,103.985,1615.9269,1.3921667263992943
015889,ANZGY,ANZ GROUP HOLDINGS LIMITED,40,4010,401010,40101010,2025-09-30,2025,22.01,47045.347,2979.354,65575.58154,1.3938802819330889
014140,SAN,BANCO SANTANDER SA,40,4010,401010,40101010,2025-12-31,2025,11.73,121134.523,14678.0,172172.94,1.421336673773834
004723,USB,US BANCORP,40,4010,401010,40101010,2025-12-31,2025,53.36,58385.0,1555.398,82996.03728,1.4215301409608632
015580,BMO,BANK OF MONTREAL,40,4010,401010,40101010,2025-10-31,2025,174.23,86501.0,708.906,123512.69238,1.4278758902209223
017875,NIC,NICOLET BANKSHARES INC,40,4010,401010,40101015,2025-12-31,2025,121.3,1257.662,14.811,1796.5743,1.4285032862565619
007647,BAC,BANK OF AMERICA CORP,40,4010,401010,40101010,2025-12-31,2025,55.0,277251.0,7212.464,396685.52,1.4307812054780686
033625,AMAL,AMALGAMATED FINANCIAL CORP,40,4010,401010,40101015,2024-12-31,2024,33.47,707.654,30.671,1026.55837,1.4506501341050853
109183,PFBC,PREFERRED BANK LOS ANGELES,40,4010,401010,40101015,2025-12-31,2025,94.43,789.477,12.178,1149.96854,1.4566206995263953
027871,FBK,FB FINANCIAL CORP,40,4010,401010,40101015,2025-12-31,2025,55.8,1948.165,51.752,2887.7616,1.482298265290671
008245,PNC,PNC FINANCIAL SVCS GROUP INC,40,4010,401010,40101010,2025-12-31,2025,208.73,54827.0,390.414,81491.11422,1.486331811333832
016790,CBU,COMMUNITY FINANCIAL SYST INC,40,4010,401010,40101015,2025-12-31,2025,57.44,2006.034,52.682,3026.05408,1.5084759680045303
015509,HSBC,HSBC HLDGS PLC,40,4010,401010,40101010,2025-12-31,2025,78.67,177509.0,3427.977,269678.95059,1.519240999554952
003231,CMA,COMERICA INC,40,4010,401010,40101010,2025-12-31,2025,86.93,7315.0,127.981,11125.38833,1.5209006602870814
013041,SNV,SYNOVUS FINANCIAL CORP,40,4010,401010,40101015,2024-12-31,2024,51.23,4707.412,141.166,7231.93418,1.536286643276603
004640,FITB,FIFTH THIRD BANCORP,40,4010,401010,40101010,2025-12-31,2025,46.81,19954.0,661.198,30950.67838,1.551101452340383
029286,BBAR,BANCO BBVA ARGENTINA SA,40,4010,401010,40101010,2024-12-31,2024,19.06,2496.315,204.237,3892.75722,1.5594014457310075
211732,BMA,BANCO MACRO SA,40,4010,401010,40101010,2024-12-31,2024,96.76,3927.247,63.941,6186.93116,1.5753863100538368
024578,SWDBY,SWEDBANK AB,40,4010,401010,40101010,2025-12-31,2025,34.831,24497.647,1124.226,39157.915806,1.5984357928743116
162560,AX,AXOS FINANCIAL INC,40,4010,401010,40101015,2025-06-30,2025,76.04,2680.677,56.484,4295.04336,1.6022233786465134
016821,FBP,FIRST BANCORP P R,40,4010,401010,40101015,2025-12-31,2025,20.73,1966.865,156.619,3246.71187,1.650703973073902
021815,TFIN,TRIUMPH FINANCIAL INC,40,4010,401010,40101015,2025-12-31,2025,62.63,896.771,23.765,1488.40195,1.659734703731499
015706,TD,TORONTO DOMINION BANK,40,4010,401010,40101010,2025-10-31,2025,115.16,116202.0,1689.496,194562.35936,1.6743460470559888
137944,GGAL,GRUPO FINANCIERO GALICIA SA,40,4010,401010,40101010,2024-12-31,2024,62.32,5881.132,158.851,9899.59432,1.6832804160831623
026792,SUPV,GRUPO SUPERVIELLE,40,4010,401010,40101010,2024-12-31,2024,15.11,773.731,87.546,1322.82006,1.7096640305222357
118042,EWBC,EAST WEST BANCORP INC,40,4010,401010,40101015,2025-12-31,2025,112.39,8899.202,137.579,15462.50381,1.7375157693914578
260751,NTB,BANK OF NT BUTTERFIELD & SON,40,4010,401010,40101010,2025-12-31,2025,49.82,1141.851,39.948,1990.20936,1.7429676551494022
008007,WFC,WELLS FARGO & CO,40,4010,401010,40101010,2025-12-31,2025,93.2,164509.0,3092.618,288231.9976,1.752074340005714
015362,WEBNF,WESTPAC BANKING CORP,40,4010,401010,40101010,2025-09-30,2025,24.975,48128.749,3414.564,85278.7359,1.7718876486899753
022717,SYBT,STOCK YARDS BANCORP INC,40,4010,401010,40101015,2025-12-31,2025,64.95,1075.697,29.476,1914.4662,1.7797448538017675
002005,BOH,BANK OF HAWAII CORP,40,4010,401010,40101015,2025-12-31,2025,68.37,1506.212,39.726,2716.06662,1.8032432486263554
019318,PRK,PARK NATIONAL CORP,40,4010,401010,40101015,2025-12-31,2025,152.18,1352.793,16.078,2446.75004,1.8086655090616228
003643,CFR,CULLEN/FROST BANKERS INC,40,4010,401010,40101015,2025-12-31,2025,126.63,4427.584,63.287,8014.03281,1.8100238888748357
150803,BFC,BANK FIRST CORP,40,4010,401010,40101015,2025-12-31,2025,121.82,643.836,9.835,1198.0997,1.8608771488391453
015581,CM,CANADIAN IMPERIAL BANK,40,4010,401010,40101010,2025-10-31,2025,116.21,57760.0,926.611,107681.46431,1.8642912796052633
018732,LKFN,LAKELAND FINANCIAL CORP,40,4010,401010,40101015,2025-12-31,2025,57.06,762.403,25.22,1439.0532,1.887523002926274
003238,CBSH,COMMERCE BANCSHARES INC,40,4010,401010,40101015,2025-12-31,2025,52.34,3791.371,137.712,7207.84608,1.9011186401963829
028022,BANF,BANCFIRST CORP/OK,40,4010,401010,40101015,2025-12-31,2025,106.02,1854.125,33.539,3555.80478,1.91778050562934
176766,TFSL,TFS FINANCIAL CORP,40,4010,401010,40101015,2025-09-30,2025,13.175,1893.924,280.591,3696.786425,1.9519190975984253
028866,CASH,PATHWARD FINANCIAL INC,40,4010,401010,40101015,2025-09-30,2025,74.01,858.045,22.773,1685.42973,1.9642672936734087
015181,BBVA,BANCO BILBAO VIZCAYA ARGENTA,40,4010,401010,40101010,2025-12-31,2025,23.31,67344.313,5691.36,132665.6016,1.9699599816245805
061452,BAP,CREDICORP LTD,40,4010,401010,40101010,2025-12-31,2025,287.0,11404.42,79.366,22778.042,1.9972994681009644
015620,NTIOF,NATIONAL BANK CANADA,40,4010,401010,40101010,2025-10-31,2025,156.7,30655.0,391.066,61280.0422,1.9990227434350023
327115,INTR,INTER & CO INC,40,4010,401010,40101010,2025-12-31,2025,8.48,1846.335,441.322,3742.41056,2.02694015983015
016781,CHCO,CITY HOLDING CO,40,4010,401010,40101015,2025-12-31,2025,119.2,809.68,14.354,1710.9968,2.113176563580674
016549,SFBS,SERVISFIRST BANCSHARES INC,40,4010,401010,40101015,2025-12-31,2025,71.79,1849.847,54.625,3921.52875,2.1199205934328624
030580,ITUB,ITAU UNIBANCO HLDG SA,40,4010,401010,40101010,2025-12-31,2025,7.16,37128.081,11026.524,78949.91184,2.126420480498305
014802,NABZY,NATIONAL AUSTRALIA BK,40,4010,401010,40101010,2025-09-30,2025,14.63,41617.75,6111.138,89405.94894,2.1482648374792004
029101,FFIN,FIRST FINL BANKSHARES INC,40,4010,401010,40101015,2025-12-31,2025,29.87,1917.317,142.277,4249.81399,2.2165421732556485
015633,RY,ROYAL BANK OF CANADA,40,4010,401010,40101010,2025-10-31,2025,205.47,127449.0,1400.114,287681.42358,2.257227781936304
015743,DBSDY,DBS GROUP HOLDINGS LTD,40,4010,401010,40101010,2025-12-31,2025,175.303,53580.986,709.5,124377.4785,2.3212987999138353
002968,JPM,JPMORGAN CHASE & CO,40,4010,401010,40101010,2025-12-31,2025,322.22,342393.0,2696.273,868793.08606,2.5374148597079964
144535,HDB,HDFC BANK LIMITED,40,4010,401010,40101010,2025-03-31,2024,66.44,61065.743,2550.741,169471.23204,2.77522590759274
030218,BSAC,BANCO SANTANDER-CHILE,40,4010,401010,40101010,2025-12-31,2025,31.11,5239.667,471.115,14656.38765,2.7971983047777655
241366,BCH,BANCO DE CHILE,40,4010,401010,40101010,2025-12-31,2025,38.0,6438.469,505.085,19193.23,2.9810239049065856
223148,IBN,ICICI BANK LTD,40,4010,401010,40101010,2025-03-31,2024,31.52,36736.848,3560.964,112241.58528,3.0552862150830142
033695,CCB,COASTAL FINANCIAL CORP,40,4010,401010,40101015,2025-12-31,2025,114.59,490.959,15.14,1734.8926,3.533681223890386
158587,TBBK,BANCORP INC,40,4010,401010,40101015,2025-12-31,2025,67.52,689.796,42.355,2859.8096,4.145877331848837
039997,NU,NU HOLDINGS LTD,40,4010,401010,40101010,2025-12-31,2025,16.74,11290.948,4855.674,81283.98276,7.199039687367261
020960,CNNE,CANNAE HOLDINGS INC,40,4020,402010,40201030,2024-12-31,2024,19.86,1836.5,62.79,1247.0094,0.67901410291315
039561,JXN,JACKSON FINANCIAL INC,40,4020,402010,40201020,2025-12-31,2025,106.65,9420.0,66.826,7126.9929,0.7565809872611465
141913,GPN,GLOBAL PAYMENTS INC,40,4020,402010,40201060,2025-12-31,2025,77.4,22888.767,236.693,18320.0382,0.8003942807404173
015668,IX,ORIX CORP,40,4020,402010,40201020,2025-03-31,2024,20.89,27310.951,1136.29,23737.0981,0.8691421291041824
032619,MBIN,MERCHANTS BANCORP,40,4020,402010,40201050,2025-12-31,2025,34.06,1729.468,45.893,1563.11558,0.9038129528849334
025751,BLX,BANCO LATINOAMERICANO DE COM,40,4020,402010,40201040,2024-12-31,2024,35.57,1337.209,36.791,1308.65587,0.978647219694154
032884,PAGS,PAGSEGURO DIGITAL LTD,40,4020,402010,40201060,2025-12-31,2025,9.64,2657.88,279.706,2696.36584,1.0144799012747001
025895,RDN,RADIAN GROUP INC,40,4020,402010,40201050,2025-12-31,2025,35.99,4781.514,135.498,4876.57302,1.0198805273810763
038753,ACT,ENACT HOLDINGS INC,40,4020,402010,40201050,2025-12-31,2025,39.64,5355.181,145.566,5770.23624,1.077505361630167
018745,ESNT,ESSENT GROUP LTD,40,4020,402010,40201050,2025-12-31,2025,65.01,5756.727,95.456,6205.59456,1.0779727021969254
293070,BUR,BURFORD CAPITAL LIMITED,40,4020,402010,40201040,2024-12-31,2024,12.75,2419.432,219.422,2797.6305,1.1563170611945284
185370,WD,WALKER & DUNLOP INC,40,4020,402010,40201050,2025-12-31,2025,60.15,1735.034,33.385,2008.10775,1.1573881261116497
038545,PSFE,PAYSAFE LIMITED,40,4020,402010,40201060,2024-12-31,2024,17.1,879.261,59.888,1024.0848,1.1647108196542324
041084,CRBG,COREBRIDGE FINANCIAL INC,40,4020,402010,40201020,2025-12-31,2025,30.17,12708.0,496.374,14975.60358,1.178439060434372
011854,NMIH,NMI HOLDINGS INC,40,4020,402010,40201050,2025-12-31,2025,40.79,2591.986,76.285,3111.66515,1.2004945821466628
024379,MTG,MGIC INVESTMENT CORP/WI,40,4020,402010,40201050,2025-12-31,2025,29.22,5147.551,219.367,6409.90374,1.2452336538287818
013888,COOP,MR COOPER GROUP INC,40,4020,402010,40201050,2024-12-31,2024,96.01,4813.0,63.581,6104.41181,1.2683174340328278
012635,FISV,FISERV INC,40,4020,402010,40201060,2025-12-31,2025,67.17,25792.0,534.0,35868.78,1.3906940136476427
016384,VOYA,VOYA FINANCIAL INC,40,4020,402010,40201020,2025-12-31,2025,74.49,4953.0,93.843,6990.36507,1.4113396062992125
002176,BRK.B,BERKSHIRE HATHAWAY,40,4020,402010,40201030,2025-12-31,2025,502.65,717419.0,2157.335,1084384.43775,1.5115078325915539
017769,HASI,HA SUSTAINABLE INFRA CAP INC,40,4020,402010,40201040,2025-12-31,2025,31.43,2574.878,127.644,4011.85092,1.5580741767182755
015153,AGM,FEDERAL AGRICULTURE MTG CP,40,4020,402010,40201050,2025-12-31,2025,175.57,1210.956,10.857,1906.16349,1.5740980597148038
017306,PFSI,PENNYMAC FINANCIAL SERVICES,40,4020,402010,40201050,2025-12-31,2025,131.84,4308.976,52.061,6863.72224,1.592889410384277
038832,MQ,MARQETA INC,40,4020,402010,40201060,2024-12-31,2024,3.79,1085.018,504.296,1911.28184,1.7615208595617768
026367,XYZ,BLOCK INC,40,4020,402010,40201060,2025-12-31,2025,65.09,22204.278,602.078,39189.25702,1.7649417387045867
034309,STNE,STONECO LTD,40,4020,402010,40201060,2025-12-31,2025,14.79,1996.195,248.905,3681.30495,1.8441609912859216
038739,FLYW,FLYWIRE CORP,40,4020,402010,40201060,2025-12-31,2025,14.16,835.171,121.959,1726.93944,2.0677674871373646
064536,EEFT,EURONET WORLDWIDE INC,40,4020,402010,40201060,2025-12-31,2025,76.11,1322.5,39.691,3020.88201,2.284220801512287
036722,RKT,ROCKET COS INC,40,4020,402010,40201050,2024-12-31,2024,11.26,702.482,146.028,1644.27528,2.340665355126537
165993,FIS,FIDELITY NATIONAL INFO SVCS,40,4020,402010,40201060,2025-12-31,2025,66.46,13899.0,514.0,34160.44,2.4577624289517233
024616,PYPL,PAYPAL HOLDINGS INC,40,4020,402010,40201060,2025-12-31,2025,58.38,20256.0,920.0,53709.6,2.6515402843601894
039103,PAYO,PAYONEER GLBL INC,40,4020,402010,40201060,2025-12-31,2025,5.62,704.427,348.704,1959.71648,2.782000803489929
185375,EVTC,EVERTEC INC,40,4020,402010,40201060,2025-12-31,2025,29.09,621.606,61.757,1796.51113,2.890112273691052
175263,WU,WESTERN UNION CO,40,4020,402010,40201060,2025-12-31,2025,9.31,957.8,315.7,2939.167,3.0686646481520152
039685,AVDX,AVIDXCHANGE HOLDINGS INC,40,4020,402010,40201060,2024-12-31,2024,10.34,671.833,204.336,2112.83424,3.144880111575347
039547,RELY,REMITLY GLOBAL INC,40,4020,402010,40201060,2025-12-31,2025,13.8,868.789,210.626,2906.6388,3.345621088664797
278120,FNLIF,FIRST NATIONAL FINL CORP,40,4020,402010,40201050,2024-12-31,2024,40.34,640.817,59.967,2419.06878,3.774975975980662
184254,APO,APOLLO GLOBAL MGMT INC,40,4020,402010,40201020,2025-12-31,2025,144.76,21943.0,578.981,83813.28956,3.819591193546917
162385,WEX,WEX INC,40,4020,402010,40201060,2025-12-31,2025,148.98,1234.5,34.3,5110.014,4.1393390036452
184700,CPAY,CORPAY INC,40,4020,402010,40201060,2025-12-31,2025,300.93,3883.864,68.362,20572.17666,5.296832396808951
037763,UWMC,UWM HOLDINGS CORP,40,4020,402010,40201050,2025-12-31,2025,4.38,199.384,268.415,1175.6577,5.89644956465915
038771,DLO,DLOCAL LIMITED,40,4020,402010,40201060,2024-12-31,2024,11.26,488.887,266.72,3003.2672,6.143070280044264
011811,JKHY,HENRY (JACK) & ASSOCIATES,40,4020,402010,40201060,2025-06-30,2025,180.17,2130.832,72.836,13122.86212,6.158562533320318
166368,CODI,COMPASS DIVERSIFIED HOLDINGS,40,4020,402010,40201030,2024-12-31,2024,23.08,259.788,75.236,1736.44688,6.684091951899241
051708,CHYM,CHIME FINANCIAL INC,40,4020,402010,40201060,2025-12-31,2025,25.17,1401.706,379.933,9562.91361,6.822339071103356
043198,NATL,NCR ATLEOS CORP,40,4020,402010,40201060,2025-12-31,2025,38.11,403.0,73.7,2808.707,6.969496277915633
038747,PAY,PAYMENTUS HOLDINGS INC,40,4020,402010,40201060,2025-12-31,2025,31.59,560.389,125.581,3967.10379,7.079196397502449
037413,AFRM,AFFIRM HOLDINGS INC,40,4020,402010,40201060,2025-06-30,2025,69.14,3069.009,325.113,22478.31282,7.324290290448806
036494,FOUR,SHIFT4 PAYMENTS INC,40,4020,402010,40201060,2025-12-31,2025,62.97,469.0,64.79,4079.8263,8.69898997867804
039524,TOST,TOAST INC,40,4020,402010,40201060,2025-12-31,2025,35.51,2124.0,589.0,20915.39,9.84717043314501
333070,SEZL,SEZZLE INC,40,4020,402010,40201060,2025-12-31,2025,63.475,169.811,33.798,2145.32805,12.633622380175607
036918,GB,GLOBAL BLUE GROUP HOLDING AG,40,4020,402010,40201060,2025-03-31,2024,7.36,139.831,240.175,1767.688,12.641603078001301
179534,V,VISA INC,40,4020,402010,40201060,2025-09-30,2025,341.38,37164.0,1918.0,654766.84,17.618309116349156
160225,MA,MASTERCARD INC,40,4020,402010,40201060,2025-12-31,2025,570.88,7737.0,894.0,510366.72,65.9644203179527
032767,EQH,EQUITABLE HOLDINGS INC,40,4020,402010,40201020,2024-12-31,2024,47.17,78.0,309.9,14617.983,187.41003846153845
010121,NAVI,NAVIENT CORP,40,4020,402020,40202010,2025-12-31,2025,13.0,2399.0,96.0,1248.0,0.5202167569820758
032625,FINV,FINVOLUTION GROUP,40,4020,402020,40202010,2024-12-31,2024,6.79,2082.97,253.25,1719.5675,0.825536373543546
143974,BFH,BREAD FINANCIAL HOLDINGS INC,40,4020,402020,40202010,2025-12-31,2025,74.03,3327.0,44.1,3264.723,0.9812813345356177
005072,ALLY,ALLY FINANCIAL INC,40,4020,402020,40202010,2025-12-31,2025,45.29,13174.0,308.493,13971.64797,1.0605471360255048
024430,EZPW,EZCORP INC  -CL A,40,4020,402020,40202010,2025-09-30,2025,19.04,1025.485,60.891,1159.36464,1.1305525093004773
155738,NNI,NELNET INC,40,4020,402020,40202010,2024-12-31,2024,106.81,3349.762,36.294,3876.56214,1.1572649459872073
121815,ECPG,ENCORE CAPITAL GROUP INC,40,4020,402020,40202010,2025-12-31,2025,54.35,976.75,21.688,1178.7428,1.2068009214230868
030990,COF,CAPITAL ONE FINANCIAL CORP,40,4020,402020,40202010,2025-12-31,2025,242.36,108209.0,625.102,151499.72072,1.400065805247253
019647,LC,LENDINGCLUB CORP,40,4020,402020,40202010,2025-12-31,2025,18.94,1500.428,115.369,2185.08886,1.4563103727736353
001076,PRG,PROG HOLDINGS INC,40,4020,402020,40202010,2025-12-31,2025,29.49,746.417,39.576,1167.09624,1.5635981495598306
034525,QFIN,QFIN HOLDINGS INC,40,4020,402020,40202010,2024-12-31,2024,38.38,3314.056,141.991,5449.61458,1.644394234738339
020686,SYF,SYNCHRONY FINANCIAL,40,4020,402020,40202010,2025-12-31,2025,83.43,15544.0,347.4,28983.582,1.8646154143077716
029175,EHMEF,GOEASY LTD,40,4020,402020,40202010,2024-12-31,2024,166.71,1201.063,16.646,2775.05466,2.310498833116997
003592,OMF,ONEMAIN HOLDINGS INC,40,4020,402020,40202010,2025-12-31,2025,67.55,3401.0,117.197,7916.65735,2.327744001764187
020430,SLM,SLM CORP,40,4020,402020,40202010,2025-12-31,2025,27.06,2200.288,199.268,5392.19208,2.450675584287148
177376,DFS,DISCOVER FINANCIAL SVCS,40,4020,402020,40202010,2024-12-31,2024,173.23,16870.0,251.339,43539.45497,2.580880555423829
189517,ENVA,ENOVA INTERNATIONAL INC,40,4020,402020,40202010,2025-12-31,2025,157.2,1336.724,24.716,3885.3552,2.906624852998824
024157,FCFS,FIRSTCASH HOLDINGS INC,40,4020,402020,40202010,2025-12-31,2025,159.38,2276.762,43.977,7009.05426,3.07851864182554
025339,CACC,CREDIT ACCEPTANCE CORP,40,4020,402020,40202010,2025-12-31,2025,443.46,1523.6,10.68,4736.1528,3.108527697558414
038916,SOFI,SOFI TECHNOLOGIES INC,40,4020,402020,40202010,2025-12-31,2025,26.18,10489.495,1270.569,33263.49642,3.171124674734103
037357,UPST,UPSTART HOLDINGS INC,40,4020,402020,40202010,2025-12-31,2025,43.73,798.815,98.033,4286.98309,5.3666782546647225
356128,KSPI,JOINT STOCK COMPANY KASPI KZ,40,4020,402020,40202010,2024-12-31,2024,94.71,2892.041,190.016,17996.41536,6.222738667951111
001447,AXP,AMERICAN EXPRESS CO,40,4020,402020,40202010,2025-12-31,2025,369.95,33474.0,686.0,253785.7,7.581576746131326
037961,DAVE,DAVE INC,40,4020,402020,40202010,2025-12-31,2025,221.41,352.727,13.601,3011.39741,8.53747348515991
015576,DB,DEUTSCHE BANK AG,40,4020,402030,40203030,2024-12-31,2024,17.05,83093.154,1945.126,33164.3983,0.3991231130786057
015399,PVLUF,PARTNERS VALUE INVMNTS LP,40,4020,402030,40203010,2024-12-31,2024,50.15,8261.639,69.651,3492.99765,0.42279717741237544
160233,PSEC,PROSPECT CAPITAL CORP,40,4020,402030,40203010,2025-06-30,2025,3.18,2988.772,455.903,1449.77154,0.4850726452201774
015024,UCPLF,UNITED CORPORATIONS LTD,40,4020,402030,40203010,2025-12-31,2025,14.65,2536.517,112.485,1647.90525,0.6496724642492048
014326,ONEXF,ONEX CORP,40,4020,402030,40203010,2024-12-31,2024,78.64,8419.0,71.816,5647.61024,0.6708172276992517
020105,FSK,FS KKR CAPITAL CORP,40,4020,402030,40203010,2025-12-31,2025,14.81,5849.0,280.066,4147.77746,0.7091430090613781
022985,FFXDF,FAIRFAX INDIA HLDGS CORP,40,4020,402030,40203010,2025-12-31,2025,17.5,3079.648,134.219,2348.8325,0.7626951197019919
180193,OCSL,OAKTREE SPECIALTY LENDING CP,40,4020,402030,40203010,2025-09-30,2025,13.05,1465.813,88.086,1149.5223,0.7842216571963818
015613,NMR,NOMURA HOLDINGS INC,40,4020,402030,40203020,2025-03-31,2024,6.15,23178.0,2956.211,18180.69765,0.7843945832254724
266257,MFIC,MIDCAP FINANCIAL INVSMT CORP,40,4020,402030,40203010,2025-12-31,2025,11.44,1307.261,92.212,1054.90528,0.806958426817598
033337,OBDC,BLUE OWL CAPITAL CORP,40,4020,402030,40203010,2025-12-31,2025,12.43,7397.279,499.448,6208.13864,0.8392462471673706
176725,BBDC,BARINGS BDC INC,40,4020,402030,40203010,2024-12-31,2024,9.57,1190.354,105.409,1008.76413,0.8474488513501026
185585,NMFC,NEW MOUNTAIN FINANCE CORP,40,4020,402030,40203010,2024-12-31,2024,11.26,1353.339,107.851,1214.40226,0.8973378141027488
023353,GSBD,GOLDMAN SACHS BDC INC,40,4020,402030,40203010,2024-12-31,2024,12.1,1572.7,117.297,1419.2937,0.902456730463534
184689,GBDC,GOLUB CAPITAL BDC INC,40,4020,402030,40203010,2025-09-30,2025,13.69,3982.567,266.008,3641.64952,0.9143975531359547
181618,CYMBF,CYMBRIA CORP,40,4020,402030,40203010,2024-12-31,2024,74.25,1704.394,22.177,1646.64225,0.9661159626236656
039989,BXSL,BLACKSTONE SECURED LENDING F,40,4020,402030,40203010,2025-12-31,2025,26.33,6245.175,231.969,6107.74377,0.9779940145792552
045373,KBDC,KAYNE ANDERSON BDC INC,40,4020,402030,40203010,2024-12-31,2024,16.54,1186.342,71.06,1175.3324,0.9907197081448689
034415,BCSF,BAIN CAP SPECIALTY FIN INC,40,4020,402030,40203010,2024-12-31,2024,17.52,1139.672,64.562,1131.12624,0.992501561852884
004885,BEN,FRANKLIN RESOURCES INC,40,4020,402030,40203010,2025-09-30,2025,23.13,12077.8,520.952,12049.61976,0.9976667737501863
161966,ARCC,ARES CAPITAL CORP,40,4020,402030,40203010,2025-12-31,2025,20.23,14318.0,718.0,14525.14,1.0144671043441822
186289,OXLC,OXFORD LANE CAPITAL CORP,40,4020,402030,40203010,2025-03-31,2024,4.72,1956.805,453.183,2139.02376,1.093120551102435
006682,JEF,JEFFERIES FINANCIAL GRP INC,40,4020,402030,40203020,2025-11-30,2025,57.56,10574.641,206.296,11874.39776,1.1229126132981726
144496,UBS,UBS GROUP AG,40,4020,402030,40203030,2024-12-31,2024,30.32,85079.0,3174.825,96260.694,1.1314271911987681
029804,IVZ,INVESCO LTD,40,4020,402030,40203010,2025-12-31,2025,26.27,9720.5,444.0,11663.88,1.1999259297361247
019974,TSLX,SIXTH STREET SPECIALTY LENDI,40,4020,402030,40203010,2025-12-31,2025,21.72,1607.721,94.705,2056.9926,1.2794462472033394
020029,CSWC,CAPITAL SOUTHWEST CORP,40,4020,402030,40203010,2025-03-31,2024,22.32,883.633,52.913,1181.01816,1.33654827286894
259518,JHG,JANUS HENDERSON GROUP PLC,40,4020,402030,40203010,2025-12-31,2025,47.57,5108.4,154.029,7327.15953,1.4343355120977215
010035,STT,STATE STREET CORP,40,4020,402030,40203010,2025-12-31,2025,129.01,24282.0,279.078,36003.85278,1.4827383568075116
160541,HTGC,HERCULES CAPITAL INC,40,4020,402030,40203010,2025-12-31,2025,18.82,2216.053,182.695,3438.3199,1.5515512941251857
014333,IGIFF,IGM FINANCIAL INC,40,4020,402030,40203010,2025-12-31,2025,61.81,8944.327,235.138,14533.87978,1.6249271499130118
021799,VCTR,VICTORY CPTL HLDGS INC,40,4020,402030,40203010,2025-12-31,2025,63.09,2424.53,64.15,4047.2235,1.669281675211278
183603,DBRG,DIGITALBRIDGE GROUP INC,40,4020,402030,40203010,2024-12-31,2024,11.28,1163.912,174.352,1966.69056,1.6897244465217303
025030,VRTS,VIRTUS INVESTMENT PTNRS INC,40,4020,402030,40203010,2024-12-31,2024,220.58,897.493,6.967,1536.78086,1.7123040068279085
034863,TIGR,UP FINTECH HOLDING LTD,40,4020,402030,40203020,2024-12-31,2024,6.46,655.234,176.022,1137.10212,1.7354137911036362
060820,BLSH,BULLISH,40,4020,402030,40203040,2025-12-31,2025,37.87,3227.962,150.684,5706.40308,1.7678036730296083
023432,VIRT,VIRTU FINANCIAL INC,40,4020,402030,40203020,2025-12-31,2025,33.32,1582.278,84.92,2829.5344,1.7882662844329504
178529,MAIN,MAIN STREET CAPITAL CORP,40,4020,402030,40203010,2025-12-31,2025,60.39,2993.893,89.537,5407.13943,1.8060563386867867
035881,XP,XP INC,40,4020,402030,40203020,2025-12-31,2025,16.37,4275.01,518.744,8491.83928,1.9863905066888732
002019,BK,BANK OF NEW YORK MELLON CORP,40,4020,402030,40203010,2025-12-31,2025,116.09,39477.0,688.236,79897.31724,2.023895362869519
012138,TROW,PRICE (T. ROWE) GROUP,40,4020,402030,40203010,2025-12-31,2025,102.38,10860.1,218.565,22376.6847,2.0604492315908693
002369,BN,BROOKFIELD CORP,40,4020,402030,40203010,2024-12-31,2024,57.45,41874.0,1506.55,86551.2975,2.0669460166212925
007982,NTRS,NORTHERN TRUST CORP,40,4020,402030,40203010,2025-12-31,2025,136.59,12073.0,186.338,25451.90742,2.108167598774124
051379,ETOR,ETORO GROUP LTD,40,4020,402030,40203020,2025-12-31,2025,35.13,1394.59,83.704,2940.52152,2.108520439699123
074646,WLTH,WEALTHFRONT CORP,40,4020,402030,40203010,2026-01-31,2025,8.68,614.689,150.645,1307.5986,2.127252317838777
327677,MRX,MAREX GROUP PLC,40,4020,402030,40203020,2025-12-31,2025,38.36,1263.8,71.738,2751.86968,2.1774566228833674
031521,SNEX,STONEX GROUP INC,40,4020,402030,40203020,2025-09-30,2025,100.92,2377.4,52.187,5266.71204,2.2153243206864643
033948,GLXY,GALAXY DIGITAL INC,40,4020,402030,40203010,2025-12-31,2025,22.36,1924.864,192.696,4308.68256,2.2384347985104402
065886,AMG,AFFILIATED MANAGERS GRP INC,40,4020,402030,40203010,2025-12-31,2025,288.28,3238.4,27.0,7783.56,2.403520256916996
011770,SF,STIFEL FINANCIAL CORP,40,4020,402030,40203020,2025-12-31,2025,125.22,5292.317,101.664,12730.36608,2.405442848567083
114628,GS,GOLDMAN SACHS GROUP INC,40,4020,402030,40203020,2025-12-31,2025,879.0,109819.0,307.1,269940.9,2.4580527959642686
008898,RJF,RAYMOND JAMES FINANCIAL INC,40,4020,402030,40203020,2025-09-30,2025,172.6,12424.0,198.14,34198.964,2.7526532517707665
012124,MS,MORGAN STANLEY,40,4020,402030,40203020,2025-12-31,2025,177.53,101882.0,1582.834,281000.52002,2.758097799611315
014592,AB,ALLIANCEBERNSTEIN HOLDING LP,40,4020,402030,40203010,2025-12-31,2025,38.48,1238.378,92.184,3547.24032,2.8644245295055306
124434,BLK,BLACKROCK INC,40,4020,402030,40203010,2025-12-31,2025,1070.34,55888.0,155.069,165976.55346,2.969806639350129
014517,TMXXF,TMX GROUP LTD,40,4020,402030,40203040,2025-12-31,2025,52.23,4757.8,278.206,14530.69938,3.0540794863172054
039750,RPC,RIDGEPOST CAPITAL INC,40,4020,402030,40203010,2025-12-31,2025,9.81,351.363,109.603,1075.20543,3.060098615961271
066731,FHI,FEDERATED HERMES INC,40,4020,402030,40203010,2024-12-31,2024,41.11,1095.206,81.769,3361.52359,3.0693071349134318
034603,FUTU,FUTU HOLDINGS LIMITED,40,4020,402030,40203020,2024-12-31,2024,79.99,3606.149,139.14,11129.8086,3.0863418566454133
027803,DFIN,DONNELLEY FINANCIAL SOLTNS,40,4020,402030,40203040,2025-12-31,2025,46.69,379.2,25.6,1195.264,3.152067510548523
163610,ICE,INTERCONTINENTAL EXCHANGE,40,4020,402030,40203040,2025-12-31,2025,161.96,28915.0,567.0,91831.32,3.1759059311775895
189459,CG,CARLYLE GROUP INC,40,4020,402030,40203010,2024-12-31,2024,50.49,5606.9,357.184,18034.22016,3.216433351763006
149070,CME,CME GROUP INC,40,4020,402030,40203040,2025-12-31,2025,273.08,28728.2,358.953,98022.88524,3.4120789064403616
034919,TW,TRADEWEB MARKETS INC,40,4020,402030,40203040,2025-12-31,2025,107.54,6507.755,212.436,22845.36744,3.510483636830213
037776,PAX,PATRIA INVESTMENTS LTD,40,4020,402030,40203010,2024-12-31,2024,11.63,481.078,153.586,1786.20518,3.7129221872544576
008605,PIPR,PIPER SANDLER COS,40,4020,402030,40203020,2024-12-31,2024,299.95,1227.83,16.112,4832.7944,3.9360452179862033
179741,KKR,KKR & CO INC,40,4020,402030,40203010,2025-12-31,2025,127.48,28359.157,891.452,113642.30096,4.007252435606602
024750,WT,WISDOMTREE INC,40,4020,402030,40203010,2025-12-31,2025,12.19,413.672,136.34,1661.9846,4.017638612233847
034749,COIN,COINBASE GLOBAL INC,40,4020,402030,40203040,2025-12-31,2025,226.14,14793.058,267.836,60568.43304,4.094382178451541
009317,SEIC,SEI INVESTMENTS CO,40,4020,402030,40203010,2025-12-31,2025,82.02,2447.784,122.232,10025.46864,4.095732564638056
013988,SCHW,SCHWAB (CHARLES) CORP,40,4020,402030,40203020,2025-12-31,2025,99.91,42662.0,1758.325,175674.25075,4.117815638038535
060834,MIAX,MIAMI INTERNATIONAL HOLD INC,40,4020,402030,40203040,2025-12-31,2025,44.38,881.017,85.536,3796.08768,4.3087564485134795
127377,BGC,BGC GROUP INC,40,4020,402030,40203020,2025-12-31,2025,8.93,972.483,472.628,4220.56804,4.339991588541908
149337,NDAQ,NASDAQ INC,40,4020,402030,40203040,2025-12-31,2025,97.13,12227.0,569.894,55353.80422,4.5271779030015535
007163,SPGI,S&P GLOBAL INC,40,4020,402030,40203040,2025-12-31,2025,522.59,31127.0,298.8,156149.892,5.016541651942044
184500,CBOE,CBOE GLOBAL MARKETS INC,40,4020,402030,40203040,2025-12-31,2025,251.0,5138.3,104.648,26266.648,5.111933518868108
025219,HLI,HOULIHAN LOKEY INC,40,4020,402030,40203020,2025-03-31,2024,161.5,2174.877,69.843,11279.6445,5.186336744560727
162559,LAZ,LAZARD INC,40,4020,402030,40203020,2025-12-31,2025,48.56,873.655,94.878,4607.27568,5.273564141451717
176701,IBKR,INTERACTIVE BROKERS GROUP,40,4020,402030,40203020,2025-12-31,2025,64.31,5363.0,445.414,28644.57434,5.341147555472683
178519,LPLA,LPL FINANCIAL HOLDINGS INC,40,4020,402030,40203020,2025-12-31,2025,357.17,5344.485,80.061,28595.38737,5.350447680178727
158742,MKTX,MARKETAXESS HOLDINGS INC,40,4020,402030,40203040,2025-12-31,2025,181.25,1145.667,35.777,6484.58125,5.660092548707434
063172,FDS,FACTSET RESEARCH SYSTEMS INC,40,4020,402030,40203040,2025-08-31,2025,373.32,2186.413,37.646,14054.00472,6.427881978381944
174744,EVR,EVERCORE INC,40,4020,402030,40203020,2025-12-31,2025,340.25,2031.576,38.523,13107.45075,6.451863356330258
016113,APAM,ARTISAN PARTNERS ASSET MGMT,40,4020,402030,40203010,2025-12-31,2025,40.74,438.729,70.473,2871.07002,6.544062553421361
026567,FRHC,FREEDOM HOLDING CORP,40,4020,402030,40203020,2025-03-31,2024,132.17,1214.241,60.994,8061.57698,6.639190226651875
038845,OWL,BLUE OWL CAPITAL INC,40,4020,402030,40203010,2024-12-31,2024,23.26,2127.669,608.346,14150.12796,6.650530679349091
164708,AMP,AMERIPRISE FINANCIAL INC,40,4020,402030,40203010,2025-12-31,2025,490.34,6549.0,91.264,44750.38976,6.833163805161093
180081,SII,SPROTT INC,40,4020,402030,40203010,2025-12-31,2025,97.92,367.245,25.786,2524.96512,6.875424090185026
160373,MORN,MORNINGSTAR INC,40,4020,402030,40203040,2025-12-31,2025,217.31,1221.9,39.741,8636.11671,7.067776994844095
040535,TPG,TPG INC,40,4020,402030,40203010,2024-12-31,2024,62.84,783.845,109.211,6862.81924,8.75532693325849
030076,HLNE,HAMILTON LANE INC,40,4020,402030,40203010,2025-03-31,2024,148.67,717.269,43.498,6466.84766,9.01593078747304
266214,CNS,COHEN & STEERS INC,40,4020,402030,40203010,2024-12-31,2024,92.34,511.711,50.575,4670.0955,9.126431716339887
041817,BAM,BROOKFIELD ASSET MANAG LTD,40,4020,402030,40203010,2025-12-31,2025,52.39,8912.0,1612.358,84471.43562,9.478392686265709
030369,CIXXF,CI FINANCIAL CORP,40,4020,402030,40203010,2024-12-31,2024,30.94,409.17,143.335,4434.7849,10.838489869736295
039293,HOOD,ROBINHOOD MARKETS INC,40,4020,402030,40203020,2025-12-31,2025,113.1,9140.0,901.329,101940.3099,11.153206772428884
019927,MC,MOELIS & CO,40,4020,402030,40203020,2024-12-31,2024,73.88,441.563,70.59,5215.1892,11.810747730221962
020412,ARES,ARES MANAGEMENT CORP,40,4020,402030,40203010,2025-12-31,2025,161.63,2814.382,221.955,35874.58665,12.746878941806763
177088,BX,BLACKSTONE INC,40,4020,402030,40203010,2025-12-31,2025,154.14,8665.526,748.688,115402.76832,13.317456819124425
023247,PJT,PJT PARTNERS INC,40,4020,402030,40203020,2024-12-31,2024,157.81,187.013,23.688,3738.20328,19.989002261874845
033110,STEP,STEPSTONE GROUP INC,40,4020,402030,40203010,2025-03-31,2024,52.23,179.316,76.761,4009.22703,22.358445593254366
139665,MCO,MOODY'S CORP,40,4020,402030,40203040,2025-12-31,2025,510.85,4054.0,177.543,90697.84155,22.37243254810064
021019,AAMI,ACADIAN ASSET MANAGEMENT INC,40,4020,402030,40203010,2025-12-31,2025,47.0,60.6,35.709,1678.323,27.69509900990099
178862,CIM,CHIMERA INVESTMENT CORP,40,4020,402040,40204010,2025-12-31,2025,12.43,2572.322,83.402,1036.68686,0.40301597544941886
015101,MFA,MFA FINANCIAL INC,40,4020,402040,40204010,2024-12-31,2024,10.19,1841.602,102.083,1040.22577,0.5648483059857667
183029,RC,READY CAPITAL CORP,40,4020,402040,40204010,2024-12-31,2024,6.82,1726.667,162.792,1110.24144,0.6429968488423071
183606,ARI,APOLLO COMMERCIAL RE FIN INC,40,4020,402040,40204010,2025-12-31,2025,9.68,1856.022,138.944,1344.97792,0.724656237910973
183324,PMT,PENNYMAC MORTGAGE INVEST TR,40,4020,402040,40204010,2025-12-31,2025,12.55,1345.849,87.017,1092.06335,0.8114308143038335
028069,FBRT,FRANKLIN BSP REALTY TRUST IN,40,4020,402040,40204010,2024-12-31,2024,12.54,1253.82,83.067,1041.66018,0.8307892520457482
017878,RITM,RITHM CAPITAL CORP,40,4020,402040,40204010,2024-12-31,2024,10.83,6537.72,520.656,5638.70448,0.862487913217452
183822,ARR,ARMOUR RESIDENTIAL REIT INC,40,4020,402040,40204010,2025-12-31,2025,17.69,2261.046,111.915,1979.77635,0.8756019780225612
020791,BXMT,BLACKSTONE MORTGAGE TR INC,40,4020,402040,40204010,2025-12-31,2025,19.13,3498.91,168.259,3218.79467,0.9199421162590635
183780,TWO,TWO HARBORS INVESTMENT CORP,40,4020,402040,40204010,2025-12-31,2025,10.5,1186.46,104.806,1100.463,0.9275179947069433
019440,LADR,LADDER CAPITAL CORP,40,4020,402040,40204010,2025-12-31,2025,10.99,1483.926,127.234,1398.30166,0.9422987803974052
187148,ORC,ORCHID ISLAND CAPITAL INC,40,4020,402040,40204010,2025-12-31,2025,7.2,1371.948,181.986,1310.2992,0.9550647692186585
183388,STWD,STARWOOD PROPERTY TRUST INC,40,4020,402040,40204010,2025-12-31,2025,18.01,6795.516,370.563,6673.83963,0.9820946091510931
183902,EFC,ELLINGTON FINANCIAL INC,40,4020,402040,40204010,2025-12-31,2025,13.58,1502.301,113.139,1536.42762,1.0227162332981208
014403,DX,DYNEX CAPITAL INC,40,4020,402040,40204010,2025-12-31,2025,14.01,2354.301,174.815,2449.15815,1.0402910035717607
160173,ABR,ARBOR REALTY TRUST INC,40,4020,402040,40204010,2024-12-31,2024,13.85,2390.401,189.259,2621.23715,1.0965679607731087
065556,NLY,ANNALY CAPITAL MANAGEMENT,40,4020,402040,40204010,2025-12-31,2025,22.36,14288.292,706.972,15807.89392,1.106352944074771
179889,AGNC,AGNC INVESTMENT CORP,40,4020,402040,40204010,2025-12-31,2025,10.72,10425.0,1107.6,11873.472,1.1389421582733814
158354,GNW,GENWORTH FINANCIAL INC,40,4030,403010,40301020,2025-12-31,2025,9.03,8750.0,391.8,3537.954,0.4043376
031774,BHF,BRIGHTHOUSE FINANL INC,40,4030,403010,40301020,2025-12-31,2025,64.79,6768.0,57.171,3704.10909,0.5472974423758865
016426,ELFIF,E-L FINANCIAL CORP LTD,40,4030,403010,40301020,2024-12-31,2024,1325.0,8115.871,3.462,4587.15,0.5652073572879608
157955,AGO,ASSURED GUARANTY LTD,40,4030,403010,40301040,2025-12-31,2025,89.87,5663.0,45.2,4062.124,0.717309553240332
259503,CILJF,CHINA LIFE INSURANCE COMPANY,40,4030,403010,40301020,2024-12-31,2024,1.89,69825.903,28264.705,53420.29245,0.7650497903335385
042912,FIHL,FIDELIS INSURANCE HOLDINGS,40,4030,403010,40301040,2024-12-31,2024,18.13,2448.4,111.73,2025.6649,0.8273423051788923
176602,ESGR,ENSTAR GROUP LIMITED,40,4030,403010,40301050,2024-12-31,2024,322.05,5581.0,14.676,4726.4058,0.8468743594337932
006742,LNC,LINCOLN NATIONAL CORP,40,4030,403010,40301020,2025-12-31,2025,44.53,9920.0,190.051,8462.97103,0.8531220796370967
027215,FG,F&G ANNUITIES & LIFE INC,40,4030,403010,40301020,2025-12-31,2025,30.85,4804.0,135.61,4183.5685,0.8708510616153206
021503,KMPR,KEMPER CORP/DE,40,4030,403010,40301040,2025-12-31,2025,40.54,2681.4,58.667,2378.36018,0.8869844782576266
061388,EG,EVEREST GROUP LTD,40,4030,403010,40301050,2025-12-31,2025,339.35,15461.0,40.7,13811.545,0.8933151154517819
024440,PRA,PROASSURANCE CORP,40,4030,403010,40301040,2025-12-31,2025,24.16,1349.134,51.414,1242.16224,0.9207107967036633
063759,SCRYY,SCOR SE,40,4030,403010,40301050,2024-12-31,2024,2.448,4683.754,1793.731,4391.053488,0.9375072832603932
011729,WTM,WHITE MTNS INS GROUP LTD,40,4030,403010,40301040,2025-12-31,2025,2078.03,5425.4,2.4797,5152.890991,0.949771628082722
043585,HG,HAMILTON INSURANCE GROUP LTD,40,4030,403010,40301040,2025-12-31,2025,27.9,2822.099,99.03,2762.937,0.9790361713036998
028216,RGA,REINSURANCE GROUP AMER INC,40,4030,403010,40301050,2025-12-31,2025,203.46,13461.0,65.464,13319.30544,0.9894736973478939
039128,BNT,BROOKFIELD WEALTH SOLUTIONS,40,4030,403010,40301020,2024-12-31,2024,57.44,10784.0,201.117,11552.16048,1.0712314985163205
002558,CNA,CNA FINANCIAL CORP,40,4030,403010,40301040,2025-12-31,2025,47.74,11621.0,270.672,12921.88128,1.1119422837965751
001487,AIG,AMERICAN INTERNATIONAL GROUP,40,4030,403010,40301040,2025-12-31,2025,85.55,41139.0,538.182,46041.4701,1.1191684314154453
018441,SPNT,SIRIUSPOINT LTD,40,4030,403010,40301050,2025-12-31,2025,21.89,2269.8,116.99,2560.9111,1.1282540752489205
061406,RNR,RENAISSANCERE HOLDINGS LTD,40,4030,403010,40301050,2025-12-31,2025,281.16,10858.657,43.962,12360.35592,1.138295087504836
184899,FAF,FIRST AMERICAN FINANCIAL CP,40,4030,403010,40301040,2025-12-31,2025,61.44,5499.5,102.0,6266.88,1.1395363214837713
012726,UNM,UNUM GROUP,40,4030,403010,40301020,2025-12-31,2025,77.5,11119.1,165.694,12841.285,1.154885287478303
006781,L,LOEWS CORP,40,4030,403010,40301040,2025-12-31,2025,105.31,18686.0,206.004,21694.28124,1.1609911827036283
176591,EIG,EMPLOYERS HOLDINGS INC,40,4030,403010,40301040,2024-12-31,2024,51.23,1068.7,24.557,1258.05511,1.177182661177131
015598,AEG,AEGON LTD,40,4030,403010,40301020,2024-12-31,2024,5.89,9511.417,1929.305,11363.60645,1.1947332821176908
015782,PUK,PRUDENTIAL PLC,40,4030,403010,40301020,2024-12-31,2024,15.94,17492.0,1321.311,21061.69734,1.2040759970272124
143356,PRU,PRUDENTIAL FINANCIAL INC,40,4030,403010,40301020,2025-12-31,2025,112.88,32438.0,347.944,39275.91872,1.2107996399284788
008702,PWCDF,POWER CORP CANADA,40,4030,403010,40301020,2024-12-31,2024,44.84,22930.0,644.809,28913.23556,1.26093482599215
024678,HMN,HORACE MANN EDUCATORS CORP,40,4030,403010,40301030,2025-12-31,2025,46.18,1482.7,40.7,1879.526,1.2676374182235113
148469,SAFT,SAFETY INSURANCE GROUP INC,40,4030,403010,40301040,2025-12-31,2025,77.91,892.311,14.632,1139.97912,1.2775580711209433
010086,STC,STEWART INFORMATION SERVICES,40,4030,403010,40301040,2025-12-31,2025,70.26,1641.084,30.223,2123.46798,1.2939422844900077
012909,MKL,MARKEL GROUP INC,40,4030,403010,40301040,2024-12-31,2024,1726.23,16324.007,12.79,22078.4817,1.3525160642236922
153130,AXS,AXIS CAPITAL HOLDINGS LTD,40,4030,403010,40301040,2025-12-31,2025,107.09,5806.435,74.135,7939.11715,1.3672963100422204
061302,ACGL,ARCH CAPITAL GROUP LTD,40,4030,403010,40301040,2025-12-31,2025,95.92,23376.0,359.0,34435.28,1.473104038329911
017115,SIGI,SELECTIVE INS GROUP INC,40,4030,403010,40301040,2025-12-31,2025,83.67,3408.975,60.076,5026.55892,1.4745074164521594
016428,FRFHF,FAIRFAX FINANCIAL HOLDINGS,40,4030,403010,40301040,2025-12-31,2025,1908.016,26282.6,20.856,39793.581696,1.5140656440382612
012603,CNO,CNO FINANCIAL GROUP INC,40,4030,403010,40301020,2025-12-31,2025,42.47,2638.2,94.484,4012.73548,1.5210126146615115
063120,AXAHY,AXA SA,40,4030,403010,40301030,2024-12-31,2024,35.538,51706.617,2214.798,78709.491324,1.5222324702465064
014824,CINF,CINCINNATI FINANCIAL CORP,40,4030,403010,40301040,2025-12-31,2025,163.32,15911.0,155.4,25379.928,1.595118345798504
145701,PFG,PRINCIPAL FINANCIAL GRP INC,40,4030,403010,40301020,2025-12-31,2025,88.21,11883.9,217.381,19175.17801,1.61354252476039
036329,IGIC,INTERNATIONAL GEN INS HL LTD,40,4030,403010,40301040,2024-12-31,2024,23.76,654.832,45.109,1071.78984,1.6367401715249101
028034,CB,CHUBB LTD,40,4030,403010,40301040,2025-12-31,2025,312.12,73757.0,391.101,122070.44412,1.6550353745407216
015545,AVVIY,AVIVA PLC,40,4030,403010,40301030,2025-12-31,2025,18.411,14382.287,1329.828,24483.463308,1.702334497149167
061408,THG,HANOVER INSURANCE GROUP INC,40,4030,403010,40301040,2025-12-31,2025,182.77,3571.5,35.4,6470.058,1.811580008399832
133768,MET,METLIFE INC,40,4030,403010,40301020,2025-12-31,2025,78.94,28398.0,655.334,51732.06596,1.8216799056271569
010614,GL,GLOBE LIFE INC,40,4030,403010,40301020,2025-12-31,2025,139.86,5974.579,79.093,11061.94698,1.8515023368173724
028349,ALL,ALLSTATE CORP,40,4030,403010,40301040,2025-12-31,2025,208.15,28609.0,260.136,54147.3084,1.8926669369778741
015724,ALIZY,ALLIANZ SE,40,4030,403010,40301030,2024-12-31,2024,30.64,62415.891,3859.194,118245.70416,1.894480752666016
014828,ORI,OLD REPUBLIC INTL CORP,40,4030,403010,40301040,2025-12-31,2025,45.64,5914.0,246.355,11243.6422,1.9011907676699358
062689,TRV,TRAVELERS COS INC,40,4030,403010,40301040,2025-12-31,2025,290.06,32894.0,217.5,63088.05,1.9179196814008634
124042,MFC,MANULIFE FINANCIAL CORP,40,4030,403010,40301020,2025-12-31,2025,49.84,43461.0,1677.181,83590.70104,1.923349693748418
001449,AFL,AFLAC INC,40,4030,403010,40301020,2025-12-31,2025,110.27,29490.0,518.69,57195.9463,1.9395030959647337
063546,SSREY,SWISS RE LTD,40,4030,403010,40301050,2025-12-31,2025,41.922,25114.0,1179.6,49451.1912,1.9690686947519311
165264,FNF,FIDELITY NATIONAL FINANCIAL,40,4030,403010,40301040,2025-12-31,2025,54.59,7424.0,271.0,14793.89,1.9927114762931033
157057,AIZ,ASSURANT INC,40,4030,403010,40301040,2025-12-31,2025,240.85,5871.6,49.793,11992.64405,2.0424831476939844
061739,HIG,HARTFORD INSURANCE GROUP INC,40,4030,403010,40301040,2025-12-31,2025,137.8,18645.0,276.923,38159.9894,2.0466607347814425
041782,SKWD,SKYWARD SPECIALTY INS GP INC,40,4030,403010,40301040,2025-12-31,2025,51.11,1009.565,40.511,2070.51721,2.050900348169756
129472,IAFNF,IA FINANCIAL CORP,40,4030,403010,40301020,2025-12-31,2025,177.83,7866.0,91.735,16313.23505,2.0738920734808035
133289,SLF,SUN LIFE FINANCIAL INC,40,4030,403010,40301020,2025-12-31,2025,85.68,22293.0,553.8,47449.584,2.1284521598708115
015417,BRO,BROWN & BROWN INC,40,4030,403010,40301010,2025-12-31,2025,79.7,12547.0,336.0,26779.2,2.1343109906750617
017035,MCY,MERCURY GENERAL CORP,40,4030,403010,40301040,2025-12-31,2025,94.06,2417.275,55.389,5209.88934,2.155273744195427
051778,SLDE,SLIDE INSURANCE HOLDINGS INC,40,4030,403010,40301040,2025-12-31,2025,19.48,1113.241,123.889,2413.35772,2.1678663649649987
015659,TKOMY,TOKIO MARINE HOLDINGS INC,40,4030,403010,40301040,2025-03-31,2024,38.358,33902.396,1922.85,73756.6803,2.1755595179762515
031421,TRRSF,TRISURA GROUP LTD,40,4030,403010,40301040,2025-12-31,2025,42.72,924.666,47.373,2023.77456,2.188654670983901
040290,DFYFF,DEFINITY FINANCIAL CORP,40,4030,403010,40301040,2025-12-31,2025,75.93,4049.7,119.9,9104.007,2.2480694866286393
016431,GWLIF,GREAT-WEST LIFECO INC,40,4030,403010,40301020,2025-12-31,2025,67.69,26937.0,906.332,61349.61308,2.277522110108772
008431,AFG,AMERICAN FINANCIAL GROUP INC,40,4030,403010,40301040,2025-12-31,2025,136.68,4820.0,83.422,11402.11896,2.365584846473029
179974,HCI,HCI GROUP INC,40,4030,403010,40301040,2025-12-31,2025,191.69,1041.077,12.992,2490.43648,2.392173182194977
162491,IFCZF,INTACT FINANCIAL CORP,40,4030,403010,40301040,2025-12-31,2025,285.73,19070.0,177.632,50754.79136,2.66149928474043
014822,WRB,BERKLEY (W R) CORP,40,4030,403010,40301040,2025-12-31,2025,70.12,9700.818,377.156,26446.17872,2.7261802788177243
004973,AJG,ARTHUR J GALLAGHER & CO,40,4030,403010,40301010,2025-12-31,2025,258.79,23321.0,256.976,66502.81904,2.851628105141289
026167,BWIN,BALDWIN INSURANCE GROUP INC,40,4030,403010,40301010,2025-12-31,2025,24.03,600.21,71.78,1724.8734,2.873783175888439
045327,BOW,BOWHEAD SPECIALTY HOLDGS INC,40,4030,403010,40301040,2024-12-31,2024,35.52,370.177,32.663,1160.18976,3.1341486910315877
013342,RLI,RLI CORP,40,4030,403010,40301040,2025-12-31,2025,63.98,1778.196,91.879,5878.41842,3.305832664115767
001414,PRI,PRIMERICA INC,40,4030,403010,40301020,2025-12-31,2025,258.36,2445.902,31.81,8218.4316,3.3600821292104097
034953,PLMR,PALOMAR HOLDINGS INC,40,4030,403010,40301040,2025-12-31,2025,134.76,942.667,26.52,3573.8352,3.791195830553101
144009,WTW,WILLIS TOWERS WATSON PLC,40,4030,403010,40301010,2025-12-31,2025,328.6,7976.0,95.08,31243.288,3.917162487462387
020935,TRUP,TRUPANION INC,40,4030,403010,40301040,2025-12-31,2025,37.37,383.936,43.402,1621.93274,4.224487258293049
038019,OSCR,OSCAR HEALTH INC,40,4030,403010,40301020,2025-12-31,2025,14.37,977.648,297.689,4277.79093,4.37559421182266
013341,PGR,PROGRESSIVE CORP-OHIO,40,4030,403010,40301040,2025-12-31,2025,227.72,30323.0,586.1,133466.692,4.401500247337005
027652,KNSL,KINSALE CAPITAL GROUP INC,40,4030,403010,40301040,2025-12-31,2025,391.12,1959.583,23.146,9052.86352,4.619790802430925
037150,ROOT,ROOT INC,40,4030,403010,40301040,2024-12-31,2024,72.59,203.7,15.1,1096.109,5.380996563573883
007065,MRSH,MARSH,40,4030,403010,40301010,2025-12-31,2025,185.52,15100.0,484.859,89951.04168,5.9570226278145695
061380,ERIE,ERIE INDEMNITY CO,40,4030,403010,40301040,2025-12-31,2025,286.65,2283.374,52.29,14988.9285,6.564377320579108
003221,AON,AON PLC,40,4030,403010,40301010,2025-12-31,2025,352.88,9352.0,214.5,75692.76,8.093751069289992
040232,XZO,EXZEO GROUP INC,40,4030,403010,40301040,2025-12-31,2025,24.25,254.156,90.927,2204.97975,8.675694258644297
034602,MAAS,MAASE INC,40,4030,403010,40301010,2024-06-30,2024,6.6788,176.848,247.034,1649.8906792,9.329427978829278
036692,LMND,LEMONADE INC,40,4030,403010,40301040,2025-12-31,2025,71.18,533.6,75.907,5403.06026,10.125675149925037
039067,RYAN,RYAN SPECIALTY HOLDINGS INC,40,4030,403010,40301010,2025-12-31,2025,51.63,647.938,129.603,6691.40289,10.327227126669527
033421,GSHD,GOOSEHEAD INSURANCE,40,4030,403010,40301010,2024-12-31,2024,107.22,43.763,24.668,2644.90296,60.43696638713068
003336,DXC,DXC TECHNOLOGY CO,45,4510,451020,45102010,2025-03-31,2024,17.05,3229.0,181.203,3089.51115,0.9568012232889439
025749,ASGN,ASGN INC,45,4510,451020,45102010,2025-12-31,2025,48.17,1804.0,41.7,2008.689,1.1134639689578714
018626,GLOB,GLOBANT SA,45,4510,451020,45102010,2025-12-31,2025,65.37,2093.601,44.029,2878.17573,1.374748927804295
186876,VNET,VNET GROUP INC,45,4510,451020,45102030,2024-12-31,2024,4.74,872.134,273.654,1297.11996,1.4872943377967147
028475,GDS,GDS HOLDINGS LIMITED,45,4510,451020,45102030,2024-12-31,2024,23.76,3076.771,194.398,4618.89648,1.5012155535787357
035120,FSLY,FASTLY INC,45,4510,451020,45102030,2025-12-31,2025,10.18,929.578,149.211,1518.96798,1.634040371007059
206211,FORTY,FORMULA SYSTEMS (1985) LTD,45,4510,451020,45102010,2024-12-31,2024,89.0,679.338,15.333,1364.637,2.0087747189175342
033913,DAVA,ENDAVA PLC,45,4510,451020,45102010,2024-06-30,2024,29.24,808.143,59.031,1726.06644,2.13584283969545
030736,OKTA,OKTA INC,45,4510,451020,45102030,2026-01-31,2025,84.48,6999.0,177.228,14972.22144,2.139194376339477
125595,AKAM,AKAMAI TECHNOLOGIES INC,45,4510,451020,45102030,2025-12-31,2025,87.25,4977.371,144.711,12626.03475,2.5366874902433434
111880,DOX,AMDOCS,45,4510,451020,45102010,2025-09-30,2025,82.05,3429.453,108.448,8898.1584,2.594629056003975
021864,GIB,CGI INC,45,4510,451020,45102010,2025-09-30,2025,123.96,10282.332,217.816,27000.47136,2.62590931317915
111864,CTSH,COGNIZANT TECH SOLUTIONS,45,4510,451020,45102010,2025-12-31,2025,83.0,15015.0,479.0,39757.0,2.647818847818848
027364,TWLO,TWILIO INC,45,4510,451020,45102030,2025-12-31,2025,142.24,7821.546,152.411,21678.94064,2.7716950894362826
018467,FJTSY,FUJITSU LTD,45,4510,451020,45102010,2025-03-31,2024,19.734,11625.903,1777.341,35074.047294,3.01688800379635
187697,EPAM,EPAM SYSTEMS INC,45,4510,451020,45102010,2025-12-31,2025,204.88,3677.226,54.274,11119.65712,3.023925404639258
146738,APLD,APPLIED DIGITAL CORP,45,4510,451020,45102030,2025-05-31,2024,6.83,497.688,224.91,1536.1353,3.0865427737859865
204867,WIT,WIPRO LTD,45,4510,451020,45102010,2025-03-31,2024,3.06,9693.816,10460.231,32008.30686,3.301930515289335
036293,GDYN,GRID DYNAMICS HOLDGS INC,45,4510,451020,45102010,2024-12-31,2024,22.24,517.829,83.609,1859.46416,3.5908845584160023
036395,KC,KINGSOFT CLOUD HOLDINGS LTD,45,4510,451020,45102030,2024-12-31,2024,10.49,708.026,245.846,2578.92454,3.642415024307017
037966,BBAI,BIGBEAR.AI HOLDINGS INC,45,4510,451020,45102010,2025-12-31,2025,5.4,611.87,436.956,2359.5624,3.8563132691584814
039111,VTEX,VTEX,45,4510,451020,45102030,2024-12-31,2024,5.89,255.745,184.814,1088.55446,4.2564056384289035
143357,ACN,ACCENTURE PLC,45,4510,451020,45102010,2025-08-31,2025,259.97,31195.389,621.856,161663.90432,5.1823012792050775
039963,KD,KYNDRYL HOLDINGS INC,45,4510,451020,45102010,2025-03-31,2024,31.4,1219.0,230.6,7240.84,5.939983593109106
211009,INFY,INFOSYS LTD,45,4510,451020,45102010,2025-03-31,2024,18.25,11205.0,4143.608,75620.846,6.748848371262829
006066,IBM,INTL BUSINESS MACHINES CORP,45,4510,451020,45102010,2025-12-31,2025,296.21,32648.0,936.952,277534.55192,8.500813278608184
032526,MDB,MONGODB INC,45,4510,451020,45102030,2026-01-31,2025,371.33,2952.358,80.493,29889.46569,10.123929987487967
051139,CRWV,COREWEAVE INC,45,4510,451020,45102030,2025-12-31,2025,71.61,3335.0,497.59,35632.4199,10.684383778110945
023650,SHOP,SHOPIFY INC,45,4510,451020,45102030,2025-12-31,2025,160.97,13473.0,1303.905,209889.58785,15.578533945669117
339965,SNOW,SNOWFLAKE INC,45,4510,451020,45102030,2026-01-31,2025,192.7,1924.102,342.065,65915.9255,34.25802036482473
035604,NET,CLOUDFLARE INC,45,4510,451020,45102030,2025-12-31,2025,197.15,1459.123,351.887,69374.52205,47.54535570339169
012441,IT,GARTNER INC,45,4510,451020,45102010,2025-12-31,2025,252.28,319.908,70.849,17873.78572,55.87164347249834
023071,GDDY,GODADDY INC,45,4510,451020,45102030,2025-12-31,2025,124.08,215.1,134.737,16718.16696,77.7227659693166
034910,LSPD,LIGHTSPEED COMMERCE INC,45,4510,451030,45103010,2025-03-31,2024,8.75,1663.967,146.399,1280.99125,0.7698417396498849
030870,AZPN,ASPEN TECHNOLOGY INC,45,4510,451030,45103010,2024-06-30,2024,198.63,12812.855,63.251,12563.54613,0.9805422858527627
111534,MSTR,STRATEGY INC,45,4510,451030,45103010,2025-12-31,2025,151.95,44123.458,312.062,47417.8209,1.074662391601311
148170,RIOT,RIOT PLATFORMS INC,45,4510,451030,45103010,2024-12-31,2024,10.21,3143.685,344.89,3521.3269,1.1201271437818994
066009,BMNR,BITMINE IMMERSION TECH INC,45,4510,451030,45103010,2025-08-31,2025,43.62,8692.797,234.714,10238.22468,1.1777825572137484
035868,BILL,BILL HOLDINGS INC,45,4510,451030,45103010,2025-06-30,2025,46.26,3914.04,103.012,4765.33512,1.2174978078915903
038368,TUYA,TUYA INC,45,4510,451030,45103010,2025-12-31,2025,2.11,1022.605,607.956,1282.78716,1.2544307528322276
033850,OPRA,OPERA LIMITED,45,4510,451030,45103010,2025-12-31,2025,14.16,1010.716,89.648,1269.41568,1.2559568464336175
004384,MARA,MARA HOLDINGS INC,45,4510,451030,45103010,2024-12-31,2024,16.77,4129.033,340.258,5706.12666,1.3819523021491957
039182,NABL,N-ABLE INC,45,4510,451030,45103020,2025-12-31,2025,7.48,804.655,186.684,1396.39632,1.7353975554740853
179690,SWI,SOLARWINDS CORP,45,4510,451030,45103020,2024-12-31,2024,14.25,1400.714,171.567,2444.82975,1.7454168017168388
147242,VRNT,VERINT SYSTEMS INC,45,4510,451030,45103010,2025-01-31,2024,25.38,886.849,62.135,1576.9863,1.778190311992233
002536,RAMP,LIVERAMP HOLDINGS INC,45,4510,451030,45103010,2025-03-31,2024,26.14,948.859,65.415,1709.9481,1.8021097971352962
061902,NICE,NICE LTD,45,4510,451030,45103010,2025-12-31,2025,113.04,3876.528,63.25,7149.78,1.8443772365374376
061870,OTEX,OPEN TEXT CORP,45,4510,451030,45103010,2025-06-30,2025,29.2,3928.867,250.136,7303.9712,1.859052800718375
038285,OLO,OLO INC,45,4510,451030,45103010,2024-12-31,2024,7.68,683.223,165.943,1274.44224,1.865338608331394
063476,EGHSF,ENGHOUSE SYSTEMS LTD,45,4510,451030,45103010,2025-10-31,2025,20.81,609.469,54.755,1139.45155,1.8695808154311375
186904,CLSK,CLEANSPARK INC,45,4510,451030,45103010,2025-09-30,2025,14.5,2175.125,284.328,4122.756,1.8954110683294063
019908,FIVN,FIVE9 INC,45,4510,451030,45103010,2025-12-31,2025,20.05,785.817,77.194,1547.7397,1.9695930477452128
039960,IREN,IREN LIMITED,45,4510,451030,45103010,2025-06-30,2025,14.57,1817.488,258.103,3760.56071,2.06909795828088
033195,HUT,HUT 8 CORP,45,4510,451030,45103010,2024-12-31,2024,20.49,976.669,99.478,2038.30422,2.0869959218527465
007648,VYX,NCR VOYIX CORP,45,4510,451030,45103010,2024-12-31,2024,13.84,933.0,142.1,1966.664,2.10789281886388
024925,ROP,ROPER TECHNOLOGIES INC,45,4510,451030,45103010,2025-12-31,2025,445.13,19881.5,106.6,47450.858,2.386684002716093
039538,CIFR,CIPHER DIGITAL INC,45,4510,451030,45103010,2024-12-31,2024,4.64,681.953,350.784,1627.63776,2.3867301118992073
036717,JAMF,JAMF HOLDING CORP,45,4510,451030,45103010,2024-12-31,2024,14.05,715.983,129.332,1817.1146,2.537929811182668
162354,DLB,DOLBY LABORATORIES INC,45,4510,451030,45103020,2025-09-30,2025,72.37,2622.557,95.463,6908.65731,2.6343211262901054
038915,CXM,SPRINKLR INC,45,4510,451030,45103010,2026-01-31,2025,6.38,592.643,245.812,1568.28056,2.6462483484998556
039378,CCC,CCC INTELLIGENT SOLUTIONS HL,45,4510,451030,45103010,2025-12-31,2025,7.95,1787.01,605.449,4813.31955,2.693504541104974
038924,EVCM,EVERCOMMERCE INC,45,4510,451030,45103010,2024-12-31,2024,11.01,750.826,183.725,2022.81225,2.694115880377078
038777,BTDR,BITDEER TECHNOLOGIES GROUP,45,4510,451030,45103010,2025-12-31,2025,11.21,867.848,211.717,2373.34757,2.7347502903734293
035005,ZM,ZOOM COMMUNICATIONS INC,45,4510,451030,45103010,2026-01-31,2025,92.1,9808.258,297.024,27355.9104,2.789069210862928
125074,RDWR,RADWARE LTD,45,4510,451030,45103020,2025-12-31,2025,24.09,349.361,42.555,1025.14995,2.9343571549199825
024975,SNPS,SYNOPSYS INC,45,4510,451030,45103010,2025-10-31,2025,453.82,28327.602,185.994,84407.79708,2.9797014614932813
024135,ALRM,ALARM.COM HOLDINGS INC,45,4510,451030,45103010,2025-12-31,2025,51.02,848.163,49.631,2532.17362,2.9854799372290466
028384,SPNS,SAPIENS INTERNATIONAL CORP,45,4510,451030,45103010,2024-12-31,2024,26.87,479.629,55.887,1501.68369,3.1309276336501757
022815,TRMB,TRIMBLE INC,45,4510,451030,45103010,2025-12-31,2025,78.35,5836.2,236.0,18490.6,3.1682601692882355
008334,PAR,PAR TECHNOLOGY CORP,45,4510,451030,45103010,2024-12-31,2024,72.67,871.71,38.717,2813.56439,3.227638079177708
038646,PATH,UIPATH INC,45,4510,451030,45103020,2026-01-31,2025,12.59,2082.587,534.654,6731.29386,3.2321789485865415
031564,ACIW,ACI WORLDWIDE INC,45,4510,451030,45103010,2025-12-31,2025,47.81,1519.078,103.256,4936.66936,3.2497800376280876
157855,CRM,SALESFORCE INC,45,4510,451030,45103010,2026-01-31,2025,212.29,59142.0,929.0,197217.41,3.334642217036962
039539,FRSH,FRESHWORKS INC,45,4510,451030,45103010,2025-12-31,2025,12.25,1032.65,281.744,3451.364,3.342239868300005
039810,INFA,INFORMATICA INC,45,4510,451030,45103010,2024-12-31,2024,25.93,2307.314,303.535,7870.66255,3.411179644383036
183974,SPSC,SPS COMMERCE INC,45,4510,451030,45103010,2025-12-31,2025,89.13,973.893,37.517,3343.89021,3.4335293610283677
039554,CWAN,CLEARWATER ANA HOL INC,45,4510,451030,45103010,2025-12-31,2025,24.12,2021.73,291.427,7029.21924,3.476833820539835
038107,AUR,AURORA INNOVATION INC,45,4510,451030,45103010,2025-12-31,2025,3.84,2140.0,1943.0,7461.12,3.4865046728971962
038041,PGY,PAGAYA TECHNOLOGIES LTD,45,4510,451030,45103010,2025-12-31,2025,20.9,480.017,80.128,1674.6752,3.4887831055983436
037517,AI,C3.AI INC,45,4510,451030,45103010,2025-04-30,2024,22.01,838.303,133.938,2947.97538,3.516598866996778
063169,DASTY,DASSAULT SYSTEMES SE,45,4510,451030,45103010,2025-12-31,2025,27.999,10323.498,1319.9,36955.8801,3.579782753868892
036711,NCNO,NCINO INC,45,4510,451030,45103010,2025-01-31,2024,34.01,1089.312,115.997,3945.05797,3.621605169134279
024352,PRGS,PROGRESS SOFTWARE CORP,45,4510,451030,45103020,2025-11-30,2025,41.41,478.349,42.336,1753.13376,3.6649679627217786
038748,MLNK,MERIDIANLINK INC,45,4510,451030,45103010,2024-12-31,2024,20.65,427.493,76.05,1570.4325,3.6735864680825183
061461,VIA,VIA TRANSPORTATION INC,45,4510,451030,45103010,2025-12-31,2025,29.01,627.736,79.589,2308.87689,3.678101765710426
065986,BB,BLACKBERRY LTD,45,4510,451030,45103020,2025-02-28,2024,4.71,719.9,596.231,2808.24801,3.9008862480900124
039323,MTTR,MATTERPORT INC,45,4510,451030,45103010,2024-12-31,2024,4.74,397.143,326.86,1549.3164,3.9011549995845325
156153,ADEA,ADEIA INC,45,4510,451030,45103020,2025-12-31,2025,17.25,480.541,109.469,1888.34025,3.9296131859716446
187118,NBIS,NEBIUS GROUP N V,45,4510,451030,45103020,2025-12-31,2025,83.705,4613.2,253.017,21178.787985,4.590910427685771
037596,S,SENTINELONE INC,45,4510,451030,45103020,2025-01-31,2024,23.95,1669.247,325.579,7797.61705,4.671338064408682
063080,ANSS,ANSYS INC,45,4510,451030,45103010,2024-12-31,2024,337.33,6086.44,87.536,29528.51888,4.851525502592649
050811,PONY,PONY AI INC,45,4510,451030,45103010,2024-12-31,2024,14.35,951.122,350.293,5026.70455,5.285026053440043
010789,TYL,TYLER TECHNOLOGIES INC,45,4510,451030,45103010,2025-12-31,2025,453.95,3702.789,43.121,19574.77795,5.286495652331256
103487,SAP,SAP SE,45,4510,451030,45103010,2025-12-31,2025,242.91,52544.462,1166.589,283376.13399,5.393073279349592
035447,DT,DYNATRACE INC,45,4510,451030,45103010,2025-03-31,2024,47.15,2621.148,299.813,14136.18295,5.393126580414383
051461,CRCL,CIRCLE INTERNET GROUP INC,45,4510,451030,45103010,2025-12-31,2025,79.3,3329.327,242.3,19214.39,5.771253469545046
015044,WDAY,WORKDAY INC,45,4510,451030,45103010,2026-01-31,2025,175.63,7805.0,259.131,45511.17753,5.8310285112107625
036898,U,UNITY SOFTWARE INC,45,4510,451030,45103010,2025-12-31,2025,44.17,3237.432,432.86,19119.4262,5.905738313576934
019849,ATEN,A10 NETWORKS INC,45,4510,451030,45103020,2025-12-31,2025,17.69,211.546,71.498,1264.79962,5.978839684985771
039687,GTLB,GITLAB INC,45,4510,451030,45103020,2026-01-31,2025,34.98,990.668,170.068,5948.97864,6.005017462964384
038822,MNDY,MONDAY COM LTD,45,4510,451030,45103020,2025-12-31,2025,147.56,1246.836,51.551,7606.86556,6.100935135013747
038708,ZETA,ZETA GLOBAL HOLDINGS CORP,45,4510,451030,45103010,2025-12-31,2025,20.35,804.589,244.821,4982.10735,6.192114669725785
038403,SEMR,SEMRUSH HOLD INC,45,4510,451030,45103010,2025-12-31,2025,11.89,288.55,150.76,1792.5364,6.212221105527639
039555,AMPL,AMPLITUDE INC,45,4510,451030,45103010,2025-12-31,2025,11.58,245.346,134.033,1552.10214,6.326176664791763
018699,PTC,PTC INC,45,4510,451030,45103010,2025-09-30,2025,203.02,3826.229,119.536,24268.19872,6.342589196830613
045551,TTAN,SERVICETITAN INC,45,4510,451030,45103010,2025-01-31,2024,102.77,1454.584,90.048,9254.23296,6.362116563911057
019044,VRNS,VARONIS SYSTEMS INC,45,4510,451030,45103020,2025-12-31,2025,32.8,598.656,117.547,3855.5416,6.440329003634808
024501,RPD,RAPID7 INC,45,4510,451030,45103020,2025-12-31,2025,15.2,154.73,65.847,1000.8744,6.468521941446391
038329,ALKT,ALKAMI TECHNOLOGY INC,45,4510,451030,45103010,2025-12-31,2025,23.07,362.049,106.102,2447.77314,6.760889106170712
019877,QTWO,Q2 HOLDINGS INC,45,4510,451030,45103010,2025-12-31,2025,72.16,661.811,62.741,4527.39056,6.840911619782688
050290,OS,ONESTREAM INC,45,4510,451030,45103020,2025-12-31,2025,18.38,504.704,189.525,3483.4695,6.902004937547552
063185,CHKP,CHECK POINT SOFTWARE TECHN,45,4510,451030,45103020,2025-12-31,2025,185.56,2882.1,108.369,20108.95164,6.977187342562715
066326,DSGX,DESCARTES SYSTEMS GROUP INC,45,4510,451030,45103010,2025-01-31,2024,115.83,1385.003,85.606,9915.74298,7.159365705345043
015855,GEN,GEN DIGITAL INC,45,4510,451030,45103020,2025-03-31,2024,26.54,2269.0,617.0,16375.18,7.2169149405024235
006100,IDCC,INTERDIGITAL INC,45,4510,451030,45103010,2025-12-31,2025,318.38,1101.12,25.685,8177.5903,7.426611359343214
008599,AGYS,AGILYSYS INC,45,4510,451030,45103010,2025-03-31,2024,72.54,265.886,28.016,2032.28064,7.643428537042191
347085,KARO,KAROOOOO LTD,45,4510,451030,45103010,2025-02-28,2024,45.27,172.3,30.893,1398.52611,8.116808531630877
039070,INTA,INTAPP INC,45,4510,451030,45103010,2025-06-30,2025,51.62,519.765,81.877,4226.49074,8.131541639009937
043288,KVYO,KLAVIYO INC,45,4510,451030,45103010,2025-12-31,2025,32.47,1196.56,304.162,9876.14014,8.253777612489136
036945,FROG,JFROG LTD,45,4510,451030,45103020,2025-12-31,2025,62.46,887.447,119.615,7471.1529,8.41870320143062
011745,QLYS,QUALYS INC,45,4510,451030,45103020,2025-12-31,2025,132.9,561.153,35.73,4748.517,8.462071841369466
020801,KXSCF,KINAXIS INC,45,4510,451030,45103010,2024-12-31,2024,120.0,395.511,28.055,3366.6,8.512026214188733
033759,TENB,TENABLE HOLDINGS INC,45,4510,451030,45103020,2025-12-31,2025,23.53,326.376,118.45,2787.1285,8.539624543471334
036273,PCOR,PROCORE TECHNOLGY INC,45,4510,451030,45103010,2025-12-31,2025,72.74,1262.262,150.458,10944.31492,8.6703987920099
332179,LIF,LIFE360 INC,45,4510,451030,45103010,2024-12-31,2024,41.27,358.545,75.405,3111.96435,8.679424758398527
039550,CLBT,CELLEBRITE DI LTD,45,4510,451030,45103010,2025-12-31,2025,18.03,484.318,234.525,4228.48575,8.730804450794725
038087,SOUN,SOUNDHOUND AI INC,45,4510,451030,45103010,2025-12-31,2025,9.97,463.786,422.606,4213.38182,9.084754218540448
038931,CFLT,CONFLUENT INC,45,4510,451030,45103010,2025-12-31,2025,30.24,1169.139,356.138,10769.61312,9.211576313851475
021002,CYBR,CYBERARK SOFTWARE LTD,45,4510,451030,45103020,2025-12-31,2025,446.06,2403.56,49.786,22207.54316,9.239437817237764
223732,TMICY,TREND MICRO INC,45,4510,451030,45103020,2024-12-31,2024,54.511,759.723,131.297,7157.130767,9.420710926219162
037076,BSY,BENTLEY SYSTEMS INC,45,4510,451030,45103010,2025-12-31,2025,38.165,1189.413,303.458,11581.47457,9.737134679039157
033301,DOCU,DOCUSIGN INC,45,4510,451030,45103010,2025-01-31,2024,96.73,2002.692,202.477,19585.60021,9.77963671398298
034243,ESTC,ELASTIC NV,45,4510,451030,45103010,2025-04-30,2024,86.2,927.234,105.535,9097.117,9.811026127169624
028420,BL,BLACKLINE INC,45,4510,451030,45103010,2025-12-31,2025,55.29,332.326,59.9,3311.871,9.965729434350608
039942,BRZE,BRAZE INC,45,4510,451030,45103010,2025-01-31,2024,45.98,474.861,103.951,4779.66698,10.06540225455449
021847,HUBS,HUBSPOT INC,45,4510,451030,45103010,2025-12-31,2025,401.3,2066.244,52.555,21090.3215,10.20708178704935
035922,SPT,SPROUT SOCIAL INC,45,4510,451030,45103010,2024-12-31,2024,30.71,166.594,57.758,1773.74818,10.647131229215939
012141,MSFT,MICROSOFT CORP,45,4510,451030,45103020,2025-06-30,2025,497.41,343479.0,7434.0,3697745.94,10.765566279161172
032530,ALTR,ALTAIR ENGINEERING INC,45,4510,451030,45103010,2024-12-31,2024,109.11,857.189,85.575,9337.08825,10.892683235552486
042244,LMGIF,LUMINE GROUP INC,45,4510,451030,45103010,2024-12-31,2024,29.0045,678.722,256.62,7443.13479,10.966396831103161
037136,QBTS,DWAVE QUANTUM INC,45,4510,451030,45103010,2025-12-31,2025,26.15,852.23,358.742,9381.1033,11.007713058681341
027928,INTU,INTUIT INC,45,4510,451030,45103010,2025-07-31,2025,785.13,19710.0,279.129,219152.55177,11.11885092694064
012540,ADBE,ADOBE INC,45,4510,451030,45103010,2025-11-30,2025,320.13,11623.0,413.0,132213.69,11.37517766497462
040292,IOT,SAMSARA INC,45,4510,451030,45103010,2026-01-31,2025,28.05,1420.447,577.004,16184.9622,11.394273915183037
039157,AVPT,AVEPOINT INC,45,4510,451030,45103010,2024-12-31,2024,16.51,269.154,194.071,3204.11221,11.904382658255125
024083,VERX,VERTEX INC,45,4510,451030,45103010,2025-12-31,2025,19.97,258.92,159.232,3179.86304,12.281256913332303
171007,NOW,SERVICENOW INC,45,4510,451030,45103020,2025-12-31,2025,153.19,12964.0,1047.278,160432.51682,12.375232707497686
178310,TDC,TERADATA CORP,45,4510,451030,45103020,2025-12-31,2025,30.44,230.0,93.7,2852.228,12.400991304347826
060849,FIG,FIGMA INC,45,4510,451030,45103010,2025-12-31,2025,37.37,1510.641,513.043,19172.41691,12.69157722450271
035620,DDOG,DATADOG INC,45,4510,451030,45103010,2025-12-31,2025,135.99,3732.206,352.526,47940.01074,12.844953022421592
063290,PEGA,PEGASYSTEMS INC,45,4510,451030,45103010,2025-12-31,2025,59.72,787.381,170.347,10173.12284,12.920203611720375
034955,PD,PAGERDUTY INC,45,4510,451030,45103010,2025-01-31,2024,18.52,129.828,91.083,1686.85716,12.99301506608744
190455,GWRE,GUIDEWIRE SOFTWARE INC,45,4510,451030,45103010,2025-07-31,2025,226.22,1457.23,84.53,19122.3766,13.122414855582166
171067,PANW,PALO ALTO NETWORKS INC,45,4510,451030,45103020,2025-07-31,2025,173.6,7824.4,667.9,115947.44,14.818700475435817
024071,APPF,APPFOLIO INC,45,4510,451030,45103010,2025-12-31,2025,232.65,542.579,35.99,8373.0735,15.431989627316943
013421,CDNS,CADENCE DESIGN SYSTEMS INC,45,4510,451030,45103010,2025-12-31,2025,312.58,5474.181,271.799,84958.93142,15.519934656892055
036964,ASAN,ASANA INC,45,4510,451030,45103010,2026-01-31,2025,10.25,154.117,238.093,2440.45325,15.835068486928762
039914,WEAV,WEAVE COMMUNICATI INC,45,4510,451030,45103010,2024-12-31,2024,15.92,66.968,73.225,1165.742,17.407448333532432
001878,ADSK,AUTODESK INC,45,4510,451030,45103010,2026-01-31,2025,252.87,3045.0,212.0,53608.44,17.605399014778325
038954,YOU,CLEAR SECURE INC,45,4510,451030,45103010,2025-12-31,2025,35.08,177.734,98.34,3449.7672,19.409720143585357
174077,CVLT,COMMVAULT SYSTEMS INC,45,4510,451030,45103020,2025-03-31,2024,157.76,325.122,44.104,6957.84704,21.400726619545893
037750,TOITF,TOPICUS.COM INC,45,4510,451030,45103010,2024-12-31,2024,85.13,322.269,83.069,7071.66397,21.943357784956046
012142,ORCL,ORACLE CORP,45,4510,451030,45103020,2025-05-31,2024,165.53,20451.0,2807.0,464642.71,22.719803921568626
035743,DCBO,DOCEBO INC,45,4510,451030,45103010,2024-12-31,2024,44.77,57.761,30.256,1354.56112,23.451136926299753
174302,CNSWF,CONSTELLATION SOFTWARE INC,45,4510,451030,45103010,2024-12-31,2024,3099.0,2794.0,21.192,65674.008,23.505371510379383
033037,ZS,ZSCALER INC,45,4510,451030,45103020,2025-07-31,2025,285.56,1799.273,158.301,45204.43356,25.123721391917737
035182,CRWD,CROWDSTRIKE HOLDINGS INC,45,4510,451030,45103020,2026-01-31,2025,441.405,4428.39,253.363,111835.695015,25.254256064845237
109826,MANH,MANHATTAN ASSOCIATES INC,45,4510,451030,45103010,2025-12-31,2025,173.31,314.765,59.845,10371.73695,32.950731339253096
040413,WULF,TERAWULF INC,45,4510,451030,45103010,2025-12-31,2025,11.49,140.445,420.066,4826.55834,34.366181352130724
260893,BLKB,BLACKBAUD INC,45,4510,451030,45103010,2025-12-31,2025,63.32,85.054,46.705,2957.3606,34.77038822395184
026494,TEAM,ATLASSIAN CORP,45,4510,451030,45103010,2025-06-30,2025,203.09,1345.654,262.98,53408.6082,39.68970344531358
039992,NN,NEXTNAV INC,45,4510,451030,45103010,2024-12-31,2024,15.56,50.121,131.137,2040.49172,40.711313022485584
038662,SMWB,SIMILARWEB LTD,45,4510,451030,45103010,2024-12-31,2024,14.17,27.508,82.619,1170.71123,42.55893667296787
183377,FTNT,FORTINET INC,45,4510,451030,45103020,2025-12-31,2025,79.41,1237.5,743.0,59001.63,47.67808484848485
036910,PLTR,PALANTIR TECHNOLOG INC,45,4510,451030,45103010,2025-12-31,2025,177.75,7387.268,2391.192,425034.378,57.53607125123929
038212,APP,APPLOVIN CORP,45,4510,451030,45103010,2025-12-31,2025,673.82,2134.671,338.313,227962.06566,106.79025744950862
050621,DGNX,DIGINEX LIMITED,45,4510,451030,45103010,2025-03-31,2024,88.7,4.558,22.994,2039.5678,447.4698990785432
064088,VSAT,VIASAT INC,45,4520,452010,45201020,2025-03-31,2024,10.42,4553.831,130.21,1356.7882,0.2979443461999358
122902,NTCT,NETSCOUT SYSTEMS INC,45,4520,452010,45201020,2025-03-31,2024,21.01,1560.395,72.06,1513.9806,0.970254711146857
023671,NOK,NOKIA OYJ,45,4520,452010,45201020,2025-12-31,2025,6.47,24617.888,5582.534,36118.99498,1.4671849583522356
016710,DGII,DIGI INTERNATIONAL INC,45,4520,452010,45201020,2025-09-30,2025,36.46,636.077,37.171,1355.25466,2.1306455979386145
121718,JNPR,JUNIPER NETWORKS INC,45,4520,452010,45201020,2024-12-31,2024,37.45,4784.2,332.6,12455.87,2.603542912085615
004439,ERIC,TELEFONAKTIEBOLAGET LM ERICS,45,4520,452010,45201020,2025-12-31,2025,9.65,11883.693,3333.0,32163.45,2.7065197662039906
031843,HLIT,HARMONIC INC,45,4520,452010,45201020,2025-12-31,2025,9.89,383.246,111.186,1099.62954,2.8692524905674164
029241,VIAV,VIAVI SOLUTIONS INC,45,4520,452010,45201020,2025-06-30,2025,10.07,780.2,223.2,2247.624,2.8808305562676235
100401,SPMYY,SPIRENT COMMUNICATIONS,45,4520,452010,45201020,2024-12-31,2024,8.867,392.5,144.05,1277.29135,3.2542454777070065
183903,CALX,CALIX INC,45,4520,452010,45201020,2025-12-31,2025,52.93,859.219,67.12,3552.6616,4.134756796579219
121077,FFIV,F5 INC,45,4520,452010,45201020,2025-09-30,2025,323.19,3591.999,57.684,18642.89196,5.190116133105827
020779,CSCO,CISCO SYSTEMS INC,45,4520,452010,45201020,2025-07-31,2025,68.08,46843.0,3960.0,269596.8,5.755327370151357
023249,LITE,LUMENTUM HOLDINGS INC,45,4520,452010,45201020,2025-06-30,2025,95.06,1134.7,69.8,6635.188,5.847526218383714
018564,AAOI,APPLIED OPTOELECTRONICS INC,45,4520,452010,45201020,2024-12-31,2024,36.86,229.112,49.393,1820.62598,7.946445319319809
064356,CIEN,CIENA CORP,45,4520,452010,45201020,2025-10-31,2025,189.92,2729.323,141.016,26781.75872,9.812601410679498
020748,ANET,ARISTA NETWORKS INC,45,4520,452010,45201020,2025-12-31,2025,131.03,12370.5,1256.5,164639.195,13.30901701628875
177257,INFN,INFINERA CORP,45,4520,452010,45201020,2024-12-31,2024,6.57,116.515,237.396,1559.69172,13.386188216109513
007585,MSI,MOTOROLA SOLUTIONS INC,45,4520,452010,45201020,2025-12-31,2025,383.32,2410.0,165.7,63516.124,26.355238174273858
119574,EXTR,EXTREME NETWORKS INC,45,4520,452010,45201020,2025-06-30,2025,17.95,65.584,132.064,2370.5488,36.14523054403513
187462,UI,UBIQUITI INC,45,4520,452010,45201020,2025-06-30,2025,411.65,668.26,60.492,24901.5318,37.26323855984198
051008,SNDK,SANDISK CORP,45,4520,452020,45202030,2025-06-30,2025,45.35,9216.0,146.0,6621.1,0.7184353298611111
009135,RICOY,RICOH CO LTD,45,4520,452020,45202030,2025-03-31,2024,10.546,6878.9,569.15,6002.2559,0.8725604239049848
011636,XRX,XEROX HOLDINGS CORP,45,4520,452020,45202030,2024-12-31,2024,8.43,1076.0,124.435,1048.98705,0.9748950278810409
004925,FUJIY,FUJIFILM HLDGS CORP,45,4520,452020,45202030,2025-03-31,2024,9.511,22360.647,2409.668,22918.352348,1.0249413779485004
026156,HPE,HEWLETT PACKARD ENTERPRISE,45,4520,452020,45202030,2025-10-31,2025,24.42,24688.0,1318.292,32192.69064,1.3039813123784836
002721,CAJPY,CANON INC,45,4520,452020,45202030,2024-12-31,2024,32.839,21499.855,943.992,30999.753288,1.4418587143029569
003946,DBD,DIEBOLD NIXDORF INC,45,4520,452020,45202030,2025-12-31,2025,67.89,1099.9,35.385,2402.28765,2.1840964178561686
011399,WDC,WESTERN DIGITAL CORP,45,4520,452020,45202030,2025-06-30,2025,63.99,5311.0,345.0,22076.55,4.15675955563924
176567,SMCI,SUPER MICRO COMPUTER INC,45,4520,452020,45202030,2025-06-30,2025,49.01,6301.693,594.137,29118.65437,4.620766890738727
102696,LOGI,LOGITECH INTERNATIONAL SA,45,4520,452020,45202030,2025-03-31,2024,84.41,2127.42,148.509,12535.64469,5.892416490396819
025756,PSTG,EVERPURE INC,45,4520,452020,45202030,2026-01-31,2025,69.54,1445.668,330.509,22983.59586,15.898253167393896
061591,NTAP,NETAPP INC,45,4520,452020,45202030,2025-04-30,2024,89.75,1040.0,201.0,18039.75,17.345913461538462
162643,QUBT,QUANTUM COMPUTING INC,45,4520,452020,45202030,2024-12-31,2024,16.55,107.287,129.012,2135.1486,19.901279744983082
039800,IONQ,IONQ INC,45,4520,452020,45202030,2024-12-31,2024,41.77,383.862,221.919,9269.55663,24.14814863153946
001690,AAPL,APPLE INC,45,4520,452020,45202030,2025-09-30,2025,254.63,73733.0,14773.26,3761715.1938,51.01806780952898
160739,LPL,LG DISPLAY CO LTD,45,4520,452030,45203015,2024-12-31,2024,3.07,4428.587,1000.0,3070.0,0.6932233689887993
242977,AUOTY,AUO CORPORATION,45,4520,452030,45203015,2024-12-31,2024,4.469,4676.47,766.788,3426.775572,0.732769711342102
006512,KYOCY,KYOCERA CORP,45,4520,452030,45203015,2025-03-31,2024,11.204,21487.905,1408.748,15783.612592,0.7345347344005849
001773,ARW,ARROW ELECTRONICS INC,45,4520,452030,45203030,2025-12-31,2025,110.18,6584.712,51.07,5626.8926,0.8545389077001394
001919,AVT,AVNET INC,45,4520,452030,45203030,2025-06-30,2025,53.08,5011.495,83.854,4450.97032,0.8881522020874011
011191,VSH,VISHAY INTERTECHNOLOGY INC,45,4520,452030,45203015,2025-12-31,2025,14.49,2088.273,135.595,1964.77155,0.9408595284237262
029910,SCSC,SCANSOURCE INC,45,4520,452030,45203030,2024-06-30,2024,44.31,924.255,24.244,1074.25164,1.1622892383595436
050831,INGM,INGRAM MICRO HOLDING CORP,45,4520,452030,45203030,2025-12-31,2025,21.34,4248.418,235.073,5016.45782,1.1807825454086673
009216,ROG,ROGERS CORP,45,4520,452030,45203015,2025-12-31,2025,91.57,1195.7,17.8,1629.946,1.363173036714895
023084,BHE,BENCHMARK ELECTRONICS INC,45,4520,452030,45203020,2025-12-31,2025,42.76,1099.803,35.669,1525.20644,1.3867996723049492
175955,IPGP,IPG PHOTONICS CORP,45,4520,452030,45203020,2025-12-31,2025,71.6,2128.13,42.127,3016.2932,1.4173444291467157
156155,SNX,TD SYNNEX CORP,45,4520,452030,45203030,2025-11-30,2025,152.48,8450.429,80.1,12213.648,1.4453287519485698
062262,FWDI,FORWARD INDUSTRIES INC,45,4520,452030,45203020,2025-09-30,2025,25.57,1470.125,86.146,2202.75322,1.4983441680129241
031453,NSIT,INSIGHT ENTERPRISES INC,45,4520,452030,45203030,2025-12-31,2025,81.47,1648.874,30.996,2525.24412,1.5314961118921155
066586,CNXN,PC CONNECTION INC,45,4520,452030,45203030,2025-12-31,2025,57.76,910.13,25.221,1456.76496,1.600611956533682
010275,TTDKY,TDK CORPORATION,45,4520,452030,45203015,2025-03-31,2024,10.338,12020.597,1897.635,19617.75063,1.6320113410340602
063986,PLUS,EPLUS INC,45,4520,452030,45203030,2025-03-31,2024,61.03,977.623,26.526,1618.88178,1.6559366749759366
042284,CXT,CRANE NXT CO,45,4520,452030,45203010,2025-12-31,2025,47.07,1253.0,57.442,2703.79494,2.157857094972067
002577,CTS,CTS CORP,45,4520,452030,45203020,2025-12-31,2025,42.87,551.786,28.758,1232.85546,2.2343000003624596
126721,TDY,TELEDYNE TECHNOLOGIES INC,45,4520,452030,45203010,2025-12-31,2025,510.73,10513.9,46.186,23588.57578,2.243560979275055
019518,KN,KNOWLES CORP,45,4520,452030,45203015,2025-12-31,2025,21.43,775.8,84.887,1819.12841,2.344841982469709
029133,ITRI,ITRON INC,45,4520,452030,45203010,2025-12-31,2025,92.86,1716.596,44.929,4172.10694,2.4304536070222698
014561,COHR,COHERENT CORP,45,4520,452030,45203015,2025-06-30,2025,89.21,5644.514,155.555,13877.06155,2.458504230833691
030170,FLEX,FLEX LTD,45,4520,452030,45203020,2025-03-31,2024,33.08,5002.0,377.817,12498.18636,2.498637816873251
025747,LFUS,LITTELFUSE INC,45,4520,452030,45203015,2025-12-31,2025,252.92,2426.034,24.926,6304.28392,2.5985966890818513
028139,SANM,SANMINA CORP,45,4520,452030,45203020,2025-09-30,2025,115.11,2353.906,53.404,6147.33444,2.6115462724509815
012945,PLXS,PLEXUS CORP,45,4520,452030,45203020,2025-09-30,2025,144.69,1454.588,26.828,3881.74332,2.668620475351096
039935,MIR,MIRION TECHNOLOGIES INC,45,4520,452030,45203010,2025-12-31,2025,23.42,1866.4,244.663,5730.00746,3.070085437205315
061356,NOVT,NOVANTA INC,45,4520,452030,45203010,2025-12-31,2025,118.99,1314.287,35.671,4244.49229,3.2295018439655876
024405,ZBRA,ZEBRA TECHNOLOGIES CP  -CL A,45,4520,452030,45203010,2025-12-31,2025,242.82,3588.0,49.593,12042.17226,3.3562353010033443
051921,RAL,RALLIANT CORP,45,4520,452030,45203010,2025-12-31,2025,50.91,1634.3,112.8,5742.648,3.5138273266842073
028940,BDC,BELDEN INC,45,4520,452030,45203015,2025-12-31,2025,116.55,1264.424,38.947,4539.27285,3.5899926369635504
065607,OSIS,OSI SYSTEMS INC,45,4520,452030,45203010,2025-06-30,2025,224.86,951.084,16.794,3776.29884,3.9705208372762026
016188,CGNX,COGNEX CORP,45,4520,452030,45203010,2025-12-31,2025,35.98,1491.901,166.997,6008.55206,4.027446901637576
139804,TTMI,TTM TECHNOLOGIES INC,45,4520,452030,45203020,2025-12-31,2025,69.0,1762.253,103.379,7133.151,4.047745130806984
036203,VNT,VONTIER CORP,45,4520,452030,45203010,2025-12-31,2025,37.18,1244.2,142.2,5286.996,4.249313615174409
038343,OUST,OUSTER INC,45,4520,452030,45203010,2025-12-31,2025,21.64,261.738,60.948,1318.91472,5.03906471356853
002124,BELFB,BEL FUSE INC,45,4520,452030,45203015,2025-12-31,2025,169.63,425.512,12.662,2147.85506,5.047695623155164
177267,TEL,TE CONNECTIVITY PLC,45,4520,452030,45203020,2025-09-30,2025,219.53,12585.0,294.558,64664.31774,5.138205620977354
179583,FN,FABRINET,45,4520,452030,45203020,2025-06-30,2025,294.68,1981.812,35.728,10528.32704,5.312475169188601
020232,KEYS,KEYSIGHT TECHNOLOGIES INC,45,4520,452030,45203010,2025-10-31,2025,182.96,5881.0,171.2,31322.752,5.326092841353511
061562,AEIS,ADVANCED ENERGY INDS INC,45,4520,452030,45203010,2025-12-31,2025,209.37,1362.8,37.8,7914.186,5.807298209568535
003532,GLW,CORNING INC,45,4520,452030,45203015,2025-12-31,2025,87.56,11807.0,808.0,70748.48,5.992079275006352
007685,NSSC,NAPCO SECURITY TECH INC,45,4520,452030,45203010,2025-06-30,2025,29.69,168.606,35.656,1058.62664,6.278700876599884
348615,NYAX,NAYAX LTD,45,4520,452030,45203010,2024-12-31,2024,29.16,165.245,36.607,1067.46012,6.4598633544131445
028320,CDW,CDW CORP,45,4520,452030,45203030,2025-12-31,2025,136.2,2606.1,129.4,17624.28,6.762702889374928
001968,BMI,BADGER METER INC,45,4520,452030,45203010,2025-12-31,2025,174.41,713.294,29.387,5125.38667,7.185517710789661
033420,LASR,NLIGHT INC,45,4520,452030,45203010,2025-12-31,2025,37.51,226.749,50.784,1904.90784,8.400953653599354
033766,ARLO,ARLO TECHNOLOGIES INC,45,4520,452030,45203010,2025-12-31,2025,13.99,127.841,105.031,1469.38369,11.493837579493277
014282,APH,AMPHENOL CORP,45,4520,452030,45203015,2025-12-31,2025,135.14,13413.1,1226.6,165762.724,12.35827094407706
028195,JBL,JABIL INC,45,4520,452030,45203020,2025-08-31,2025,204.83,1513.0,107.481,22015.33323,14.550782042300066
112158,CLS,CELESTICA INC,45,4520,452030,45203020,2025-12-31,2025,295.61,2216.3,114.9,33965.589,15.32535712674277
184155,DQ,DAQO NEW ENERGY CORP,45,4530,453010,45301010,2025-12-31,2025,29.5,4406.727,66.752,1969.184,0.44685863226834793
184182,JKS,JINKOSOLAR HOLDING CO,45,4530,453010,45301020,2024-12-31,2024,24.9,2726.168,51.377,1279.2873,0.4692620924315743
013200,PLAB,PHOTRONICS INC,45,4530,453010,45301010,2025-10-31,2025,23.9,1173.589,57.633,1377.4287,1.1736891705699355
003969,DIOD,DIODES INC,45,4530,453010,45301020,2025-12-31,2025,49.34,1878.124,45.876,2263.52184,1.2052036180784655
184604,AOSL,ALPHA AND OMEGA SEMICONDUCTO,45,4530,453010,45301020,2024-06-30,2024,37.37,891.607,28.969,1082.57153,1.2141801600929558
031142,STM,STMICROELECTRONICS NV,45,4530,453010,45301020,2024-12-31,2024,24.97,17449.0,898.175,22427.42975,1.2853131841366268
003158,COHU,COHU INC,45,4530,453010,45301010,2025-12-31,2025,23.27,785.539,46.845,1090.08315,1.3876881351530606
209341,UMC,UNITED MICROELECTRONICS CORP,45,4530,453010,45301020,2024-12-31,2024,6.49,11148.348,2512.143,16303.80807,1.462441616461919
029191,ICHR,ICHOR HOLDINGS LTD,45,4530,453010,45301010,2024-12-31,2024,32.22,698.336,33.86,1090.9692,1.5622410988406727
270705,HIMX,HIMAX TECHNOLOGIES INC,45,4530,453010,45301020,2024-12-31,2024,8.04,890.061,174.914,1406.30856,1.5800136844553352
006008,INTC,INTEL CORP,45,4530,453010,45301020,2025-12-31,2025,36.9,114281.0,4994.0,184278.6,1.6125042658009643
264416,UCTT,ULTRA CLEAN HOLDINGS INC,45,4530,453010,45301010,2025-12-31,2025,25.33,711.0,45.5,1152.515,1.6209774964838255
032638,ACMR,ACM RESEARCH INC,45,4530,453010,45301010,2025-12-31,2025,39.45,1464.363,64.876,2559.3582,1.7477621327498714
142814,SYNA,SYNAPTICS INC,45,4530,453010,45301020,2025-06-30,2025,64.82,1394.9,38.643,2504.83926,1.7957124238296651
011124,VECO,VEECO INSTRUMENTS INC,45,4530,453010,45301010,2025-12-31,2025,28.58,885.509,60.389,1725.91762,1.9490684115011818
064853,QRVO,QORVO INC,45,4530,453010,45301020,2025-03-31,2024,72.41,3392.312,92.92,6728.3372,1.9834075403441664
001327,SWKS,SKYWORKS SOLUTIONS INC,45,4530,453010,45301020,2025-09-30,2025,76.98,5757.1,148.7,11446.926,1.9883146028382346
216019,AIIXY,AIXTRON SE,45,4530,453010,45301010,2024-12-31,2024,31.521,877.805,56.336,1775.767056,2.0229630225391744
110039,AMKR,AMKOR TECHNOLOGY INC,45,4530,453010,45301010,2025-12-31,2025,39.48,4471.106,247.303,9763.52244,2.183692902829859
039822,GFS,GLOBALFOUNDRIES INC,45,4530,453010,45301020,2024-12-31,2024,42.91,10776.0,552.913,23725.49683,2.2016979240905714
213412,ASX,ASE TECHNOLOGY HLDNG CO,45,4530,453010,45301020,2024-12-31,2024,10.07,9762.657,2171.155,21863.53085,2.2395061969297907
137602,ACLS,AXCELIS TECHNOLOGIES INC,45,4530,453010,45301010,2025-12-31,2025,80.34,1034.677,30.717,2467.80378,2.3850958125096047
074813,Q,QNITY ELECTRONICS INC,45,4530,453010,45301010,2025-12-31,2025,81.65,7093.0,209.479,17103.96035,2.41138592274073
007343,MU,MICRON TECHNOLOGY INC,45,4530,453010,45301020,2025-08-31,2025,119.01,54165.0,1122.0,133529.22,2.465230684021047
132740,IFNNY,INFINEON TECHNOLOGIES AG,45,4530,453010,45301020,2025-09-30,2025,39.01,20005.197,1299.163,50680.34863,2.5333591381279574
006509,KLIC,KULICKE & SOFFA INDUSTRIES,45,4530,453010,45301010,2025-09-30,2025,40.64,821.491,51.92,2110.0288,2.568535504345148
016401,CRUS,CIRRUS LOGIC INC,45,4530,453010,45301020,2025-03-31,2024,99.655,1949.449,52.291,5211.059605,2.673093579262653
134932,ON,ON SEMICONDUCTOR CORP,45,4530,453010,45301020,2025-12-31,2025,54.15,7673.3,396.741,21483.52515,2.7997765172741844
066032,POWI,POWER INTEGRATIONS INC,45,4530,453010,45301020,2025-12-31,2025,35.54,672.845,55.339,1966.74806,2.923032882759031
175404,FSLR,FIRST SOLAR INC,45,4530,453010,45301020,2025-12-31,2025,261.23,9537.993,107.31,28032.5913,2.939045069544505
025274,OLED,UNIVERSAL DISPLAY CORP,45,4530,453010,45301020,2025-12-31,2025,116.78,1761.017,47.26,5519.0228,3.1339974571511804
031494,PENG,PENGUIN SOLUTIONS INC,45,4530,453010,45301020,2025-08-31,2025,24.13,394.246,52.738,1272.56794,3.227852508332361
137573,ENTG,ENTEGRIS INC,45,4530,453010,45301010,2025-12-31,2025,84.25,3953.4,151.9,12797.575,3.2371060353113776
027794,WOLF,WOLFSPEED INC,45,4530,453010,45301020,2024-06-30,2024,22.76,882.1,126.409,2877.06884,3.2616130143974607
184551,MXL,MAXLINEAR INC,45,4530,453010,45301020,2025-12-31,2025,17.43,451.895,86.451,1506.84093,3.334493477467111
001632,ADI,ANALOG DEVICES INC,45,4530,453010,45301020,2025-10-31,2025,234.13,33815.755,489.654,114642.69102,3.390215330694228
039931,NVTS,NAVITAS SEMICONDUCTOR CORP,45,4530,453010,45301020,2025-12-31,2025,7.14,443.661,214.939,1534.66446,3.4590925503932057
027965,MCHP,MICROCHIP TECHNOLOGY INC,45,4530,453010,45301020,2025-03-31,2024,48.41,7078.3,538.705,26078.70905,3.6843181342977833
126423,ONTO,ONTO INNOVATION INC,45,4530,453010,45301010,2025-12-31,2025,157.86,2100.647,49.702,7845.95772,3.7350196011038506
164211,SIMO,SILICON MOTION TECH -ADR,45,4530,453010,45301020,2025-12-31,2025,92.7,830.738,33.691,3123.1557,3.7594954125127296
187450,ENPH,ENPHASE ENERGY INC,45,4530,453010,45301010,2025-12-31,2025,32.05,1087.023,131.08,4201.114,3.864788509534757
133288,SLAB,SILICON LABORATORIES INC,45,4530,453010,45301020,2025-12-31,2025,130.7,1094.418,32.955,4307.2185,3.9356246881904355
119275,MKSI,MKS INC,45,4530,453010,45301010,2025-12-31,2025,159.8,2719.0,67.2,10738.56,3.9494520044133874
023119,SEDG,SOLAREDGE TECHNOLOGIES INC,45,4530,453010,45301010,2025-12-31,2025,28.85,427.464,60.36,1741.386,4.0737605973836395
144437,PDFS,PDF SOLUTIONS INC,45,4530,453010,45301010,2025-12-31,2025,28.53,271.022,39.541,1128.10473,4.162410173343861
148390,FORM,FORMFACTOR INC,45,4530,453010,45301010,2025-12-31,2025,55.78,1035.403,77.648,4331.20544,4.183110769429875
031255,TSEM,TOWER SEMICONDUCTOR LTD,45,4530,453010,45301020,2025-12-31,2025,117.42,2904.583,111.55,13098.201,4.509494478209092
015420,AMBA,AMBARELLA INC,45,4530,453010,45301020,2026-01-31,2025,64.04,594.789,43.048,2756.79392,4.634910733049871
137310,MRVL,MARVELL TECHNOLOGY INC,45,4530,453010,45301020,2026-01-31,2025,78.92,14308.4,848.6,66971.512,4.680573089933186
037309,ALGM,ALLEGRO MICROSYSTEMS INC,45,4530,453010,45301020,2025-03-31,2024,25.13,929.555,184.287,4631.13231,4.982096067473146
184725,NXPI,NXP SEMICONDUCTORS NV,45,4530,453010,45301020,2025-12-31,2025,217.06,10056.0,252.855,54884.7063,5.457906354415274
001161,AMD,ADVANCED MICRO DEVICES,45,4530,453010,45301020,2025-12-31,2025,214.16,62999.0,1630.0,349080.8,5.541053032587819
001166,ASMIY,ASM INTERNATIONAL NV,45,4530,453010,45301010,2025-12-31,2025,607.897,4703.312,48.881,29714.613257,6.317806102805853
187740,MTSI,MACOM TECHNLGY SOL HLDGS INC,45,4530,453010,45301020,2025-09-30,2025,124.49,1327.095,74.478,9271.76622,6.986512811818295
064766,RMBS,RAMBUS INC,45,4530,453010,45301020,2025-12-31,2025,91.89,1364.425,107.782,9904.08798,7.258799846089012
133564,CAMT,CAMTEK LTD,45,4530,453010,45301010,2025-12-31,2025,106.345,617.003,45.828,4873.57866,7.898792485611901
201395,TSM,TAIWAN SEMICONDUCTOR MFG CO,45,4530,453010,45301020,2024-12-31,2024,197.49,129474.745,5186.547,1024291.16703,7.911127123903585
133905,NVMI,NOVA LTD,45,4530,453010,45301010,2025-12-31,2025,328.39,1318.248,31.78,10436.2342,7.916745710973959
035794,SITM,SITIME CORP,45,4530,453010,45301020,2025-12-31,2025,353.19,1156.182,26.299,9288.54381,8.033807661769513
024800,QCOM,QUALCOMM INC,45,4530,453010,45301020,2025-09-30,2025,166.36,21206.0,1074.0,178670.64,8.425475808733378
001704,AMAT,APPLIED MATERIALS INC,45,4530,453010,45301010,2025-10-31,2025,233.1,20415.0,793.0,184848.3,9.054533431300515
100245,ATEYY,ADVANTEST CORP,45,4530,453010,45301010,2025-03-31,2024,43.279,3382.591,733.719,31754.624601,9.387663066862059
010499,TXN,TEXAS INSTRUMENTS INC,45,4530,453010,45301020,2025-12-31,2025,173.49,16273.0,907.0,157355.43,9.669724697351441
009599,SMTC,SEMTECH CORP,45,4530,453010,45301020,2025-01-31,2024,66.96,542.426,86.272,5776.77312,10.649882417140772
010453,TER,TERADYNE INC,45,4530,453010,45301010,2025-12-31,2025,193.56,2795.752,156.088,30212.39328,10.80653551531037
040532,CRDO,CREDO TECH GROUP HOLDING LTD,45,4530,453010,45301020,2025-04-30,2024,43.05,681.582,171.169,7368.82545,10.811355713619198
160888,MPWR,MONOLITHIC POWER SYSTEMS INC,45,4530,453010,45301020,2025-12-31,2025,906.36,3531.497,48.709,44147.88924,12.501182710901354
006565,LRCX,LAM RESEARCH CORP,45,4530,453010,45301010,2025-06-30,2025,97.34,9861.619,1268.74,123499.1516,12.523212628676895
016597,LSCC,LATTICE SEMICONDUCTOR CORP,45,4530,453010,45301020,2025-12-31,2025,73.58,714.054,136.771,10063.61018,14.093626224347178
061214,ASML,ASML HOLDING NV,45,4530,453010,45301010,2025-12-31,2025,1069.86,28396.224,385.418,412343.30148,14.521061021352699
043285,ARM,ARM HOLDINGS PLC,45,4530,453010,45301020,2025-03-31,2024,106.79,6839.0,1056.514,112825.13006,16.497313943559
045094,ALAB,ASTERA LABS INC,45,4530,453010,45301020,2025-12-31,2025,166.36,1363.634,170.186,28312.14296,20.76227415860854
061814,BESIY,BE SEMICONDUCTOR INDUSTRIES,45,4530,453010,45301010,2024-12-31,2024,136.996,518.965,79.312,10865.426752,20.936723578661375
180711,AVGO,BROADCOM INC,45,4530,453010,45301020,2025-10-31,2025,369.63,81292.0,4741.0,1752415.83,21.557051493381884
027387,PI,IMPINJ INC,45,4530,453010,45301020,2025-12-31,2025,174.01,209.231,30.222,5258.93022,25.134565241288335
006304,KLAC,KLA CORP,45,4530,453010,45301010,2025-06-30,2025,895.74,4692.453,132.023,118258.28202,25.20180426314339
117768,NVDA,NVIDIA CORP,45,4530,453010,45301020,2026-01-31,2025,191.13,157293.0,24304.0,4645223.52,29.532296542122026
038060,RGTI,RIGETTI COMPUTING INC,45,4530,453010,45301020,2024-12-31,2024,15.26,126.589,283.547,4326.92722,34.18091003167732
